ET,NEE,ER,GPP,TMAX,TMIN,TAVG,HAVG,HDEG,CDEG,WCMN,WSPD,ATOT,RAIN,EVI
1.617969105622999,-2.828748572389427,2.517847299769163,5.346595872158591,64.13,32.57,45.41,56.38,16.65,0,25.03,16.8,12.69,0,0.751
0.3606430009129999,0.08897878080000005,1.672916128985022,1.583937348185022,54.61,22.2,34.7,44.08,26.6,0,13.02,8.45,11.36,0,0.787
3.132401342973998,-9.900786126869605,6.451632139535683,16.35241826640529,70.39,38.83,53.87,63.12,10.39,0,33.6,6.18,25.53,0,0.983
3.586923866228999,0.2206656464828197,5.854789616526874,5.634123970044055,71.17,46.85,59.15,70.87,5.99,0,45.81,10.78,28.15,0.01,0.375
2.952781815007,-0.1109650493894273,6.583430607137446,6.694395656526874,75.11,42.93,59.84,69.66,5.98,0,41.04,4.89,28.07,0,0.3582222222222222
1.562653083333,1.443042127078414,6.214072158888106,4.771030031809691,66.72,49.28,58.57,86.99,7,0,47.37,5.79,8.76,0.08,0.3414444444444444
2.506379293379,2.989524110019383,5.935366448785903,2.945842338766521,70.39,45.96,57.35,77.28,6.82,0,42.29,11.84,16.7,0.01,0.3246666666666667
2.482303149363001,1.265533068639648,5.264706677185905,3.999173608546255,73.72,43.22,58.82,66.51,6.53,0,38.67,8.42,29.67,0,0.3078888888888889
2.828433190439,2.539260792951542,6.47681691124229,3.937556118290749,86.99,50.74,70.39,60.47,0,3.86,-996,16.63,28.05,0,0.2911111111111111
2.36910830466,3.303568197364757,7.581882268633479,4.278314071268723,86.72,59.4,75.64,68.41,0,8.06,-996,9.15,28.48,0,0.2743333333333333
2.248233766517,5.194033057268722,8.067225261409693,2.873192204140969,90.36,67.82,78.57,67.27,0,14.09,-996,12.1,22.66,0,0.2575555555555555
1.866321595542,2.224546652481939,6.188054427380617,3.963507774898678,80.67,52.29,68.78,64.44,0,1.48,-996,11.01,29.19,0,0.2407777777777778
1.900065551206,2.168743818330397,6.314555040145372,4.145811221814978,87.04,49.5,69.41,56.75,0,3.27,48.98,5.67,24.52,0,0.224
1.351025235,1.398335232743363,2.429546807888523,1.03121157514516,74.7,41.59,57.63,77.47,6.86,0,41.84,4.26,14.43,0,0.111
1.39641554,1.798173931858407,2.513956834608849,0.7157829027504427,77.52,47.73,60.27,83.58,2.37,0,45.36,8.77,13.89,0.01,0.1136
1.63064991,1.958193558318584,2.715448744616814,0.7572551862982302,76.62,52.21,61.22,73.99,0.58,0,-996,11.84,13.64,0,0.1162
1.603500042,1.691594490265487,2.623428178247788,0.9318336879823008,75.76,52.65,63.28,78.86,0.8,0,-996,18.08,13.46,0,0.1188
0.8512077399999998,1.891883476991151,2.574740092300886,0.6828566153097345,70.32,59.65,64.61,83.88,0.01,0,-996,16.49,6.69,0,0.1214
1.755429248000001,0.6015079545132741,1.984561690938053,1.383053736424779,64.65,34.59,49.51,74.07,15.38,0,30.71,9.39,13.59,0,0.124
0.955151856,0.5843348291150443,1.531668577699115,0.9473337485840709,60.39,27.08,42.17,74.86,21.27,0,23.32,3.92,14.28,0,0.123
2.086725637099998,1.228341490884956,1.851937136123894,0.6235956452389381,71.65,34.52,52.47,62.34,11.91,0,30.15,13.04,13.01,0,0.122
1.07334966,0.4397649491150445,1.14396844790708,0.7042034987920356,53.91,28.41,43.01,69.05,23.84,0,20.37,6.6,10.81,0,0.121
1.67150144,1.650808290265487,2.164479799380531,0.5136715091150443,79.97,49.57,61.65,56.58,0.23,0,43.55,17.56,12.62,0.01,0.12
0.9897575059999999,0.4334995991150443,1.547318145663717,1.113818546548673,60.55,33.67,46.45,38.53,17.89,0,26.88,7.29,14.14,0,0.119
1.288042368,0.6585126375663717,1.457861928451328,0.7993492908849557,70.52,33.84,50.06,45.97,12.82,0,26.62,7.38,13.59,0,0.1152
1.2362385458,0.6558720148672565,1.538745977070797,0.8828739622035399,71.8,32.24,50.67,52.24,12.98,0,24.82,7.68,13.45,0,0.1114
1.71322532,1.185243601778761,1.841351532132744,0.6561079303539823,72.34,45.19,58.26,42.44,6.23,0,38.94,20.06,12.93,0,0.1076
2.07130273,1.559305261592921,2.10014662460177,0.5408413630088496,73.76,56.53,64.08,64.12,0,0.15,-996,23.84,12.4,0,0.1038
2.056184941000001,1.276408455929203,2.03190268858407,0.7554942326548673,71.8,56.97,62.42,73.15,0.62,0,-996,11.14,11.64,0,0.1
0.7187274129999996,1.486725699026549,1.827121131716815,0.3403954326902656,57.11,46.16,51.44,90.11,13.37,0,40.93,8.46,1.97,0.01,0.1038
1.272461832,0.6581265841592918,1.64881560890708,0.9906890247477875,47.89,28.07,41.72,92.9,27.02,0,22.93,9.93,3.09,0,0.1076
1.236868419,0.7514915839646017,1.743318208409734,0.9918266244451329,52,29.78,44.43,88.42,24.11,0,26.46,11.37,4.57,0.01,0.1114
1.023256841,1.103269536637168,1.992110945200885,0.8888414085637169,61.34,40.7,52.93,93.38,13.98,0,31.41,17.66,2.44,0.35,0.1152
1.326825953999999,0.7084039794690263,1.856538844900885,1.148134865431859,57.02,34.69,43.43,64.1,19.14,0,25.77,9.96,12.89,0,0.119
1.350401158,0.6284739643805309,1.933881869469026,1.305407905088496,67.08,33.87,47.24,65.52,14.53,0,27.78,12.29,11.92,0,0.1188
1.058729585,0.4099581254070797,1.766367153637168,1.356409028230088,54.14,31.48,41.84,76.29,22.19,0,25.53,12.04,12.06,0,0.1186
0.8778785235999997,0.8398984882300886,1.944104076637168,1.10420558840708,44.85,27.15,37.01,83,29,0,20.16,5.33,3.83,0.09,0.1184
0.71411593,3.174690787168142,3.801165775486726,0.6264749883185841,49.5,30.19,40.43,80.36,25.16,0,20.77,10.25,5.58,0.04,0.1182
1.1439294983,1.761490052123894,2.508127560796461,0.7466375086725665,48.43,18.2,32.72,57.64,31.69,0,8.38,8.96,12.86,0,0.118
1.347790386,1.535235076274337,2.689221441584071,1.153986365309734,56.12,28.68,39.76,56.09,22.6,0,18.09,11.66,12.31,0,0.1178
0.3422457540000001,1.753970110088496,2.567915850902655,0.8139457408141595,41.06,33.1,36.29,84.69,27.92,0,23.15,9.45,0.94,0.13,0.1176
0.643619903,1.311970813008849,2.53516399741593,1.22319318440708,39.1,23.67,32.84,94.9,33.61,0,14.95,12.18,1.95,0.09,0.1174
1.108884454,0.8812787169026548,2.467712085132744,1.586433368230088,55.18,20.78,35.19,72.02,27.02,0,12.72,6.63,12.06,0.01,0.1172
1.09223841,1.379651595929204,2.307616578684956,0.9279649827557523,54.36,26.64,38.14,74.9,24.5,0,19.91,7.5,9.66,0,0.117
1.262175183,0.8959485289380531,2.040559025734513,1.14461049679646,57.04,25.99,38.76,75.39,23.49,0,17.85,8.83,11.85,0,0.1204
1.06514957,0.8672803399115043,2.192760913061947,1.325480573150442,65.86,28.29,42.95,67.15,17.92,0,19.79,7.12,-996,0.01,0.1238
0.9252311999999998,0.2839295501681417,1.58586934539823,1.301939795230089,65.52,29.1,44.84,55.23,17.69,0,19.77,7.89,12.22,0,0.1272
0.799493445,-0.2224422119469026,1.461246652513275,1.683688864460177,72.21,32.66,49.75,46.91,12.56,0,26.93,7.23,12.25,0,0.1306
0.7522149949999998,0.5469473559026549,1.306045905363717,0.759098549461062,72.16,32.67,51.01,53.06,12.58,0,27.88,7.58,11.98,0,0.134
1.018096398,-0.4852669148761065,0.8487679320796461,1.334034846955752,49.57,28.5,42.04,74.99,25.97,0,23.18,9.73,9.27,0.03,0.1311
0.499022963,0.1097113555752212,0.7633961838318585,0.6536848282566372,43.62,27.08,34.89,80.02,29.65,0,18.81,7.98,8.66,0,0.1282
0.370945704,0.6463816892920353,1.027530663451328,0.381148974159292,34.83,16.52,29.57,94.93,39.33,0,7.42,12.33,3.98,0.15,0.1253
0.5796600769999998,0.812146977637168,0.8831349695309734,0.07098799189380532,35.96,12.49,24.22,90.53,40.78,0,3.93,4.79,11.15,0.16,0.1224
0.5270964269999999,0.5538686161858406,0.6423216337752213,0.08845301758938054,32.05,24.7,29.33,96.93,36.62,0,16.41,8.06,2.86,0.01,0.1195
0.3340231070000001,1.136534033389381,1.205325582523009,0.06879154913362832,32.27,21.24,27.76,90.34,38.24,0,13.18,5.96,11.01,0.13,0.1166
0.353726829,0.9537657244964604,1.178583398832744,0.2248176743362832,44.55,18.2,32.71,75.75,33.62,0,10.78,7.51,12.01,0.32,0.1137
1.201244565,1.289561016106195,1.483047374336283,0.1934863582300885,54.12,33.86,42.94,75.57,21.01,0,26.07,13.65,9.07,0.3,0.1108
1.320869081,0.6428416523893805,1.190759347170796,0.547917694781416,48.36,28.32,36.64,81.43,26.66,0,21.95,7.61,11.29,0,0.1079
1.417700953,0.5258112634513276,1.472997535502655,0.9471862720513277,58.35,26.26,40.59,71.48,22.69,0,20.48,8.01,11.57,0,0.105
1.381737357,1.156942592920354,1.977049750460177,0.820107157539823,63.03,30.73,45.58,61.12,18.12,0,24.24,6.17,11.4,0,0.108
1.90854412,1.465356713415929,2.224297486513275,0.7589407730973452,67.59,32.13,50.14,67.11,15.14,0,26.25,14,10.5,0,0.111
2.79307198,1.161808757522124,2.321087457345133,1.159278699823009,56.79,21.14,43.01,59.41,26.04,0,12.57,20.3,11.44,0,0.114
1.396928,0.4610801851327432,1.574569961163717,1.113489776030974,50.05,15.04,30.28,60.67,32.45,0,3.67,10,11.63,0,0.117
1.14714828,1.332208948061947,2.116171374292036,0.7839624262300885,61.59,21.21,40,59.25,23.6,0,12.63,7.63,11.48,0,0.12
1.56618799,0.9695339394690264,1.90936127038938,0.939827330920354,65.97,29.45,48.29,39.51,17.29,0,21.88,12.38,11.9,0,0.1203
1.40075247,0.721656341681416,1.76653386,1.044877518318584,66,34.66,49.23,44.25,14.67,0,31.55,14.63,11.32,0,0.1206
0.5542400900000001,0.4704278742477878,0.9060841351186726,0.4356562608708849,44.47,31.3,37.94,71.57,27.11,0,23.34,8.54,5.31,0,0.1209
0.9658235800000001,1.751792294867257,1.896261677044248,0.1444693821769912,54.05,35.83,46.32,95.71,20.06,0,29.23,15.33,1.32,0.6,0.1212
1.933330759,1.042862560884956,1.460143698690265,0.4172811378053097,40.95,30.21,36.22,78.25,29.42,0,22.54,13.49,5.41,0.58,0.1215
1.046574355,1.256998373362832,1.432312803079646,0.1753144297168141,34.41,23.01,29.6,83.78,36.29,0,14.44,-996,3.96,0.35,0.1218
0.4948528598999999,1.206359459856637,1.607493041458406,0.4011335816017699,34.8,26.3,30.98,91.28,34.45,0,18.62,-996,6.2,0.22,0.1221
0.2071017519,1.381785989654868,1.561683180982301,0.1798971913274337,40.39,27.82,33.63,85.36,30.9,0,21.66,5.35,10.9,0.4,0.1224
0.299154876,0.8690405738495578,1.339939191902655,0.4708986180530972,45.72,23.46,32.1,91.45,30.41,0,14.95,5,8.97,0.1,0.1227
1.297430679,1.485017997053097,2.128956384663717,0.6439383876106194,57.87,26.3,40,77.75,22.92,0,20.28,6.55,11.53,0.02,0.123
2.472254062,0.7461281486548673,1.71504240010885,0.9689142514539825,72.72,25.89,50.42,53.19,15.7,0,21.39,8.77,18.62,0,0.177
3.326865499999999,0.3719354415929202,1.848293513840709,1.476358072247788,57.56,33.75,47.39,50,19.35,0,27.82,16.7,18.89,0,0.1823333333333333
1.6021237,-0.3739532256637167,0.8556606792039827,1.229613904867699,52.68,27.67,40.26,62.75,24.82,0,18.22,10.29,14.17,0,0.1876666666666666
1.432173129999999,-0.1887767458407077,1.152677053927434,1.341453799768141,60.42,33.11,44.51,74.54,18.24,0,27.58,6.43,13.88,0,0.193
0.5598129099999999,-0.1876804454867255,1.406965825752213,1.594646271238938,60.98,37.7,49.02,99.06,15.66,0,30.97,14.54,5.73,0.01,0.1983333333333333
2.798019920000001,-0.162616436283186,1.558032535592921,1.720648971876106,61.79,37.18,49.25,56.93,15.51,0,27.99,15.82,14.48,0,0.2036666666666667
1.55154419,-1.059750587309735,0.6104940732477877,1.670244660557522,55.49,25.39,40.47,62.49,24.56,0,16.8,7.58,16.72,0,0.209
2.215474883,-0.6491008859814159,0.9577297787176992,1.606830664699115,64.65,26.43,44.74,48.2,19.46,0,20.15,9.12,19.92,0,0.2143333333333333
1.9668244,-0.250575079380531,1.373582153628319,1.62415723300885,70.83,32.52,51.22,45.4,13.33,0,25.54,11.2,20.59,0,0.2196666666666667
1.68850971,0.03670062212389367,1.848646365132744,1.811945743008849,77.45,38.73,55.83,59,6.91,0,31.99,13.24,15.94,0.01,0.225
1.802537170000001,0.5126519628318588,2.180676321637169,1.668024358805309,56.88,34.84,48.59,84.02,19.14,0,35.14,14.13,6.66,0.03,0.2303333333333333
1.75352132,-0.4660735484070797,1.904537026991151,2.370610575398231,64.54,28.42,45.74,71.67,18.52,0,23.62,6.44,20.14,0,0.2356666666666667
1.75138242,-0.5478862125663717,1.507959744892566,2.055845957458938,66.7,31.63,48.9,53.3,15.84,0,24.55,13.68,20.91,0,0.241
1.70040433,-0.7351498377876108,1.549513181628319,2.28466301941593,71.28,37.88,55.01,49.64,10.42,0,30.88,16.2,18.12,0,0.2463333333333333
1.34058149,-0.08038086371681434,1.965542249628319,2.045923113345133,74.66,52.95,61.66,67.49,1.19,0,-996,23.56,15.97,0,0.2516666666666666
2.05425066,-0.3199622814159293,2.424109684778761,2.744071966194691,82.27,60.01,68.58,63.05,0,6.14,-996,23.61,20,0,0.257
0.9803213800000001,-0.6572996840707966,1.993260673346018,2.650560357416814,60.82,46.53,51.81,80.11,11.33,0,39.93,11.11,7.01,0,0.2726
0.6256997899999999,-0.4633912871681417,2.579177064663717,3.042568351831858,69.76,48.63,54.08,93.46,5.8,0,44.58,7.46,4.37,0.08,0.2882
1.2688568,0.4064571613274336,3.527494961336283,3.12103780000885,70.84,49.84,59.34,91.2,4.66,0,46.86,11.68,5.34,0.05,0.3038
3.957408839999999,-0.8602870221238946,3.219116826106195,4.079403848230088,68.07,49.5,58.56,55.87,6.22,0,45.1,15.6,19.78,0.32,0.3194
2.980625769999999,-3.389653282300884,2.810248478044249,6.199901760345133,66.94,38.57,52.45,57.14,12.25,0,33.04,11.79,21.94,0,0.335
4.902433259999999,-8.01984803893805,8.055730697495576,16.07557873643363,76.24,34.23,56.72,51.54,9.76,0,29.99,9.47,27.34,0,0.611
2.052481797,-2.265967162831858,4.516834212477876,6.782801375309734,73.56,51.13,61.17,77.51,2.65,0,-996,8.78,28.85,0,0.213
1.580502706,-2.629883735373568,2.453368712027313,5.083252447400881,64.13,32.57,45.41,56.38,16.65,0,25.03,16.8,12.69,0,0.562
0.8598299519159999,-1.436295902130397,1.818538973111893,3.254834875242291,54.61,22.2,34.7,44.08,26.6,0,13.02,8.45,11.36,0,0.665
3.55041065155,-10.26644340010837,6.67481946464934,16.94126286475771,70.39,38.83,53.87,63.12,10.39,0,33.6,6.18,25.53,0,0.954
3.932291555675999,-0.3289749624555066,6.271823943888107,6.600798906343614,71.17,46.85,59.15,70.87,5.99,0,45.81,10.78,28.15,0.01,0.338
2.967348960919,1.351544293498679,6.624010419137445,5.272466125638767,75.11,42.93,59.84,69.66,5.98,0,41.04,4.89,28.07,0,0.3252222222222222
1.640874327668,3.588550009818502,7.349945982153303,3.761395972334803,66.72,49.28,58.57,86.99,7,0,47.37,5.79,8.76,0.08,0.3124444444444445
2.952584736541999,2.329178843902202,5.61461560002555,3.285436756123349,70.39,45.96,57.35,77.28,6.82,0,42.29,11.84,16.7,0.01,0.2996666666666667
2.979625773003,1.654471220003524,5.588275640003523,3.93380442,73.72,43.22,58.82,66.51,6.53,0,38.67,8.42,29.67,0,0.2868888888888889
2.797462964747999,3.576829162995595,7.007301784863436,3.430472621867841,86.99,50.74,70.39,60.47,0,3.86,-996,16.63,28.05,0,0.2741111111111111
2.431948885754,4.394645191340089,8.623311691868723,4.228666500528634,86.72,59.4,75.64,68.41,0,8.06,-996,9.15,28.48,0,0.2613333333333333
2.201719802155,5.385205901846697,9.093240596648458,3.708034694801762,90.36,67.82,78.57,67.27,0,14.09,-996,12.1,22.66,0,0.2485555555555556
2.0661774,3.279407505422908,7.816726675466962,4.537319170044054,80.67,52.29,68.78,64.44,0,1.48,-996,11.01,29.19,0,0.2357777777777778
1.799203457757,3.263545267120706,8.38292524769339,5.119379980572689,87.04,49.5,69.41,56.75,0,3.27,48.98,5.67,24.52,0,0.223
0.7792576902399999,0.4211104701504425,1.938565128902655,1.517454658752213,77.59,39.56,58.55,50.61,6.42,0,34.7,12.1,19.17,0,0.118
0.5091100299999999,0.1724248672566372,1.984604286185841,1.812179418929204,77.76,48.06,62.25,52.63,2.09,0,41.83,17.46,18.28,0.2,0.1194
3.565379954899999,1.956591724778762,2.401256018867256,0.4446642940884955,73.36,41.39,56.85,72.93,7.62,0,42.3,8.9,18.27,0.01,0.1208
1.65995258961,1.191685377424779,2.489227077424779,1.2975417,83.86,41.23,61.93,61.88,2.46,0,38.76,12.47,16.98,0,0.1222
1.08334945915,0.7611720769911505,2.351539036991151,1.59036696,69.73,37.16,54.25,39.22,11.56,0,31.35,11.98,18.47,0,0.1236
0.6680262995999998,0.3558766417964602,2.17581063538938,1.81993399359292,71.67,32.84,51.23,44.74,12.74,0,26.68,8.76,18.26,0,0.125
0.4863855694600001,0.7390786460176991,2.824060712063096,2.084982066045399,77.45,44.39,60.49,47.77,4.08,0,38.94,12.76,17.22,0.29,0.128
5.48372724417,1.543330412920354,2.183791623690266,0.6404612107699115,53.06,37.91,44.27,93.26,19.52,0,28.28,18.94,1.86,0.75,0.131
6.43117732569,1.440925914424779,2.177916914946903,0.736991000522124,43.13,37.8,40.26,97.1,24.54,0,27.35,15.37,1.37,0.84,0.134
3.843177531879999,1.570125411238938,2.148732042738053,0.5786066314991151,65.84,37.12,49.28,67.71,13.52,0,30.72,6.91,17.29,0,0.137
3.877876799999999,1.589926874336283,2.04302700830708,0.4531001339707966,63.48,39.25,50.15,68.14,13.64,0,31.06,12.31,17.29,0,0.1316666666666667
1.9064169,0.6749594259292038,1.421613242123894,0.7466538161946902,43.18,30.95,38.53,77.1,27.93,0,22.03,11.87,5.14,0,0.1263333333333334
1.31102973439,0.4284912546637168,1.338811907256637,0.9103206525929205,35.46,26.05,32.12,91.82,34.25,0,17.85,11.91,3.13,0.31,0.121
2.154635225189999,0.7267441146371681,1.389541825433629,0.6627977107964602,35.4,25.86,32.27,89.75,34.37,0,13.9,18.25,3.18,0.03,0.1156666666666667
2.325166313089999,0.5974267253097346,1.361449335424779,0.7640226101150442,49.01,20.12,32.14,61.72,30.43,0,9.63,7.57,17.29,0,0.1103333333333333
3.6370206,1.222029175221239,1.689187043389381,0.4671578681681415,61.45,28.95,43.08,52.27,19.8,0,20.11,11.38,16.92,0,0.105
1.536485969,1.221855010884956,2.763845989168142,1.541990978283186,74.7,41.59,57.63,77.47,6.86,0,41.84,4.26,14.43,0,0.112
1.740424974,1.57037611221239,2.672675177336283,1.102299065123894,77.52,47.73,60.27,83.58,2.37,0,45.36,8.77,13.89,0.01,0.1184
1.799139019999999,1.197498313274336,2.253614932353983,1.056116619079647,76.62,52.21,61.22,73.99,0.58,0,-996,11.84,13.64,0,0.1248
1.27888116,1.406354184955752,2.250285808245134,0.8439316232893805,75.76,52.65,63.28,78.86,0.8,0,-996,18.08,13.46,0,0.1312
0.7466221000000002,1.277118159292036,2.138448634526549,0.8613304752345133,70.32,59.65,64.61,83.88,0.01,0,-996,16.49,6.69,0,0.1376
1.45120058,0.558413261681416,1.605473378761062,1.047060117079646,64.65,34.59,49.51,74.07,15.38,0,30.71,9.39,13.59,0,0.144
0.5587547019999999,0.5166636132743364,1.778987588495575,1.262323975221239,60.39,27.08,42.17,74.86,21.27,0,23.32,3.92,14.28,0,0.1438
1.175865531,0.9187836260176994,1.794724151654868,0.8759405256371681,71.65,34.52,52.47,62.34,11.91,0,30.15,13.04,13.01,0,0.1436
0.5601509000000002,-0.03882277433628308,0.9703873229734513,1.009210097309734,53.91,28.41,43.01,69.05,23.84,0,20.37,6.6,10.81,0,0.1434
1.23677914,1.041096347522124,2.186708952424779,1.145612604902655,79.97,49.57,61.65,56.58,0.23,0,43.55,17.56,12.62,0.01,0.1432
0.62568154,0.2965542467256638,1.257185583716814,0.9606313369911507,60.55,33.67,46.45,38.53,17.89,0,26.88,7.29,14.14,0,0.143
0.6543258639999997,0.07298311938053087,1.397287302674336,1.324304183293806,70.52,33.84,50.06,45.97,12.82,0,26.62,7.38,13.59,0,0.1358
0.5877278909999999,0.9630294124778763,1.99122705358407,1.028197641106195,71.8,32.24,50.67,52.24,12.98,0,24.82,7.68,13.45,0,0.1286
0.8135412,1.023279618584071,1.72225611079646,0.6989764922123894,72.34,45.19,58.26,42.44,6.23,0,38.94,20.06,12.93,0,0.1214
0.4129191709999999,1.02128575221239,1.747931978230089,0.7266462260176992,73.76,56.53,64.08,64.12,0,0.15,-996,23.84,12.4,0,0.1142
0.3813987199999999,0.2800545132743363,1.391648583345133,1.111594070070797,71.8,56.97,62.42,73.15,0.62,0,-996,11.14,11.64,0,0.107
0.159747798,0.2317083634513274,0.938354674699115,0.7066463112477875,57.11,46.16,51.44,90.11,13.37,0,40.93,8.46,1.97,0.01,0.1074
0.559170583,0.3208697841504425,0.9481868711681418,0.6273170870176991,47.89,28.07,41.72,92.9,27.02,0,22.93,9.93,3.09,0,0.1078
0.5359508890000001,0.8544663238938053,1.572390373858407,0.7179240499646019,52,29.78,44.43,88.42,24.11,0,26.46,11.37,4.57,0.01,0.1082
1.08516398,1.04401169761062,1.825638930159292,0.7816272325486727,61.34,40.7,52.93,93.38,13.98,0,31.41,17.66,2.44,0.35,0.1086
2.284155107999999,1.057707189557522,1.690192434743363,0.6324852451858406,57.02,34.69,43.43,64.1,19.14,0,25.77,9.96,12.89,0,0.109
2.212668179,1.206427877522124,2.045434820036815,0.8390069425146902,67.08,33.87,47.24,65.52,14.53,0,27.78,12.29,11.92,0,0.1091
1.07089905,0.4160548991150443,1.685314202575221,1.269259303460177,54.14,31.48,41.84,76.29,22.19,0,25.53,12.04,12.06,0,0.1092
0.54787157,1.073776230477876,2.023621337469027,0.9498451069911504,44.85,27.15,37.01,83,29,0,20.16,5.33,3.83,0.09,0.1093
1.551013188,1.682573603893805,2.699413664654867,1.016840060761062,49.5,30.19,40.43,80.36,25.16,0,20.77,10.25,5.58,0.04,0.1094
1.184430913,0.4147535588495575,1.35955507539823,0.9448015165486726,48.43,18.2,32.72,57.64,31.69,0,8.38,8.96,12.86,0,0.1095
1.0519884,0.4549772580530973,1.40878022240708,0.9538029643539823,56.12,28.68,39.76,56.09,22.6,0,18.09,11.66,12.31,0,0.1096
0.5186363110000001,0.9619010189203543,2.060493775646018,1.098592756725664,41.06,33.1,36.29,84.69,27.92,0,23.15,9.45,0.94,0.13,0.1097
0.585385613,1.006962964247788,1.464182006495576,0.4572190422477877,39.1,23.67,32.84,94.9,33.61,0,14.95,12.18,1.95,0.09,0.1098
1.259800639,0.5615434361946904,1.062403321061947,0.5008598848672566,55.18,20.78,35.19,72.02,27.02,0,12.72,6.63,12.06,0.01,0.1099
1.280723388,0.8906014011504426,1.223192662566372,0.3325912614159293,54.36,26.64,38.14,74.9,24.5,0,19.91,7.5,9.66,0,0.11
1.252729275,0.6545545845132744,1.094871554123894,0.4403169696106194,57.04,25.99,38.76,75.39,23.49,0,17.85,8.83,11.85,0,0.1154
0.8350308670000001,0.4917144090265487,1.259270243848672,0.7675558348221239,65.86,28.29,42.95,67.15,17.92,0,19.79,7.12,-996,0.01,0.1208
0.709430644,0.6923889055752209,1.381438530716814,0.689049625141593,65.52,29.1,44.84,55.23,17.69,0,19.77,7.89,12.22,0,0.1262
0.6197985429999998,0.5720417840707964,1.542458438840708,0.9704166547699115,72.21,32.66,49.75,46.91,12.56,0,26.93,7.23,12.25,0,0.1316
0.622550862,1.338046975752213,2.300172299203541,0.9621253234513276,72.16,32.67,51.01,53.06,12.58,0,27.88,7.58,11.98,0,0.137
1.059791151,0.6033130884955754,1.601636544955752,0.9983234564601768,49.57,28.5,42.04,74.99,25.97,0,23.18,9.73,9.27,0.03,0.1327
0.436963108,0.1098433377876107,1.019731732327434,0.909888394539823,43.62,27.08,34.89,80.02,29.65,0,18.81,7.98,8.66,0,0.1284
0.215188743,1.096354799362832,1.937337270331859,0.8409824709690265,34.83,16.52,29.57,94.93,39.33,0,7.42,12.33,3.98,0.15,0.1241
0.1242249030000001,0.05748140628318587,1.019084684638938,0.961603278355752,35.96,12.49,24.22,90.53,40.78,0,3.93,4.79,11.15,0.16,0.1198
0.234622292,1.136832156637168,1.334027715132743,0.1971955584955752,32.05,24.7,29.33,96.93,36.62,0,16.41,8.06,2.86,0.01,0.1155
0.5665939529999999,0.3523461937168144,0.9849179557433629,0.6325717620265486,32.27,21.24,27.76,90.34,38.24,0,13.18,5.96,11.01,0.13,0.1112
0.2444217974,0.5134784280530974,1.043122176637168,0.5296437485840708,44.55,18.2,32.71,75.75,33.62,0,10.78,7.51,12.01,0.32,0.1069
1.1873158,1.170437611061947,1.636481726131062,0.466044115069115,54.12,33.86,42.94,75.57,21.01,0,26.07,13.65,9.07,0.3,0.1026
1.339896239,0.2620462253097345,1.099581427433629,0.8375352021238939,48.36,28.32,36.64,81.43,26.66,0,21.95,7.61,11.29,0,0.0983
1.442318305,0.6342428046902656,1.333542279119734,0.6992994744294689,58.35,26.26,40.59,71.48,22.69,0,20.48,8.01,11.57,0,0.094
1.308062399,0.8157898823893803,1.520504556769912,0.704714674380531,63.03,30.73,45.58,61.12,18.12,0,24.24,6.17,11.4,0,0.1008
2.22750667,1.406910162743363,1.829280356362832,0.4223701936194691,67.59,32.13,50.14,67.11,15.14,0,26.25,14,10.5,0,0.1076
2.6442717,1.30373203539823,1.771873355867257,0.4681413204690266,56.79,21.14,43.01,59.41,26.04,0,12.57,20.3,11.44,0,0.1144
1.1228203,0.1569690326548673,0.8670656676902655,0.7100966350353982,50.05,15.04,30.28,60.67,32.45,0,3.67,10,11.63,0,0.1212
0.9575888149999999,0.2269924454867257,1.158544578663717,0.9315521331769914,61.59,21.21,40,59.25,23.6,0,12.63,7.63,11.48,0,0.128
1.380284,0.621711669823009,1.550870404227956,0.929158734404947,65.97,29.45,48.29,39.51,17.29,0,21.88,12.38,11.9,0,0.127
1.09605996,0.5193832730973452,1.555691601663717,1.036308328566372,66,34.66,49.23,44.25,14.67,0,31.55,14.63,11.32,0,0.126
0.329843346,0.3871564478761059,1.260030050442478,0.8728736025663718,44.47,31.3,37.94,71.57,27.11,0,23.34,8.54,5.31,0,0.125
0.5573617889999999,1.903104791681415,2.660920584929204,0.7578157932477875,54.05,35.83,46.32,95.71,20.06,0,29.23,15.33,1.32,0.6,0.124
1.47812298,0.965977812477876,1.566443433663717,0.6004656211858407,40.95,30.21,36.22,78.25,29.42,0,22.54,13.49,5.41,0.58,0.123
0.95783811,1.103305630619469,1.600238825060177,0.4969331944407081,34.41,23.01,29.6,83.78,36.29,0,14.44,-996,3.96,0.35,0.122
0.8033573349999998,0.2557954433628319,0.781466049,0.5256706056371682,34.8,26.3,30.98,91.28,34.45,0,18.62,-996,6.2,0.22,0.121
0.2019084881,0.299406264921239,0.7894224303371681,0.4900161654159291,40.39,27.82,33.63,85.36,30.9,0,21.66,5.35,10.9,0.4,0.12
0.3791103743999999,0.04426752982300881,0.7576874769663718,0.7134199471433629,45.72,23.46,32.1,91.45,30.41,0,14.95,5,8.97,0.1,0.119
1.2957729293,0.4221404967345134,1.172926204168142,0.7507857074336283,57.87,26.3,40,77.75,22.92,0,20.28,6.55,11.53,0.02,0.118
2.511101668999999,0.7160835177876107,2.029595043743363,1.313511525955752,72.72,25.89,50.42,53.19,15.7,0,21.39,8.77,18.62,0,0.184
3.162162900000002,0.7523203539823009,1.821218113115044,1.068897759132744,57.56,33.75,47.39,50,19.35,0,27.82,16.7,18.89,0,0.1911333333333333
1.564808509,-0.2259048424778762,0.9037749001858407,1.129679742663717,52.68,27.67,40.26,62.75,24.82,0,18.22,10.29,14.17,0,0.1982666666666667
1.71026225,-0.1682979769911505,1.196092300460177,1.364390277451327,60.42,33.11,44.51,74.54,18.24,0,27.58,6.43,13.88,0,0.2054
0.9474414499999998,0.6048016391150443,1.526649481154867,0.9218478420398231,60.98,37.7,49.02,99.06,15.66,0,30.97,14.54,5.73,0.01,0.2125333333333333
2.66587751,0.3465261477876106,1.763278661150442,1.416752513362832,61.79,37.18,49.25,56.93,15.51,0,27.99,15.82,14.48,0,0.2196666666666667
1.503493034999999,-0.7456747125663716,1.173319695979646,1.918994408546018,55.49,25.39,40.47,62.49,24.56,0,16.8,7.58,16.72,0,0.2268
2.171480045999999,-1.044901349044248,1.649753932858407,2.694655281902655,64.65,26.43,44.74,48.2,19.46,0,20.15,9.12,19.92,0,0.2339333333333333
1.95890828,-0.4731318788495575,2.126761587876106,2.599893466725664,70.83,32.52,51.22,45.4,13.33,0,25.54,11.2,20.59,0,0.2410666666666667
1.6079418,-0.02912088584070813,2.24336906840708,2.272489954247788,77.45,38.73,55.83,59,6.91,0,31.99,13.24,15.94,0.01,0.2482
0.9827610400000003,1.111092363716814,2.686166412132744,1.575074048415929,56.88,34.84,48.59,84.02,19.14,0,35.14,14.13,6.66,0.03,0.2553333333333333
1.65393034,-0.6872837814159295,1.719886953982301,2.407170735398231,64.54,28.42,45.74,71.67,18.52,0,23.62,6.44,20.14,0,0.2624666666666666
1.6179574,-0.4852574999999997,1.550723591150442,2.035981091150442,66.7,31.63,48.9,53.3,15.84,0,24.55,13.68,20.91,0,0.2696
1.5159472,-0.7273154867256633,1.541999066814159,2.269314553539823,71.28,37.88,55.01,49.64,10.42,0,30.88,16.2,18.12,0,0.2767333333333333
1.20221364,-0.5137956637168142,1.793140778230089,2.306936441946903,74.66,52.95,61.66,67.49,1.19,0,-996,23.56,15.97,0,0.2838666666666667
2.01192015,-0.9390958407079653,2.255716906725664,3.194812747433628,82.27,60.01,68.58,63.05,0,6.14,-996,23.61,20,0,0.291
0.7812233699999999,-0.2744708176991147,2.021493053628319,2.295963871327434,60.82,46.53,51.81,80.11,11.33,0,39.93,11.11,7.01,0,0.3176
0.5886756500000002,-1.425192634513274,1.935284555548673,3.360477190061947,69.76,48.63,54.08,93.46,5.8,0,44.58,7.46,4.37,0.08,0.3442
1.41416184,-0.9575896579646013,2.69509504141593,3.652684699380531,70.84,49.84,59.34,91.2,4.66,0,46.86,11.68,5.34,0.05,0.3708
4.543564238,-2.338296459292035,3.098308571362832,5.436605030654866,68.07,49.5,58.56,55.87,6.22,0,45.1,15.6,19.78,0.32,0.3974
3.15981084,-3.911781002654868,2.486136301884956,6.397917304539821,66.94,38.57,52.45,57.14,12.25,0,33.04,11.79,21.94,0,0.424
5.046670164,-8.883803166371685,12.95919305283982,21.8429962192115,76.24,34.23,56.72,51.54,9.76,0,29.99,9.47,27.34,0,0.733
1.700877662,-3.416630272566371,11.65536874513275,15.07199901769911,73.56,51.13,61.17,77.51,2.65,0,-996,8.78,28.85,0,0.223
1.580502706,-2.629883735373568,2.453368712027313,5.083252447400881,64.13,32.57,45.41,56.38,16.65,0,25.03,16.8,12.69,0,0.562
0.8598299519159999,-1.436295902130397,1.818538973111893,3.254834875242291,54.61,22.2,34.7,44.08,26.6,0,13.02,8.45,11.36,0,0.665
3.55041065155,-10.26644340010837,6.67481946464934,16.94126286475771,70.39,38.83,53.87,63.12,10.39,0,33.6,6.18,25.53,0,0.954
3.932291555675999,-0.3289749624555066,6.271823943888107,6.600798906343614,71.17,46.85,59.15,70.87,5.99,0,45.81,10.78,28.15,0.01,0.338
2.967348960919,1.351544293498679,6.624010419137445,5.272466125638767,75.11,42.93,59.84,69.66,5.98,0,41.04,4.89,28.07,0,0.3252222222222222
1.640874327668,3.588550009818502,7.349945982153303,3.761395972334803,66.72,49.28,58.57,86.99,7,0,47.37,5.79,8.76,0.08,0.3124444444444445
2.952584736541999,2.329178843902202,5.61461560002555,3.285436756123349,70.39,45.96,57.35,77.28,6.82,0,42.29,11.84,16.7,0.01,0.2996666666666667
2.979625773003,1.654471220003524,5.588275640003523,3.93380442,73.72,43.22,58.82,66.51,6.53,0,38.67,8.42,29.67,0,0.2868888888888889
2.797462964747999,3.576829162995595,7.007301784863436,3.430472621867841,86.99,50.74,70.39,60.47,0,3.86,-996,16.63,28.05,0,0.2741111111111111
2.431948885754,4.394645191340089,8.623311691868723,4.228666500528634,86.72,59.4,75.64,68.41,0,8.06,-996,9.15,28.48,0,0.2613333333333333
2.201719802155,5.385205901846697,9.093240596648458,3.708034694801762,90.36,67.82,78.57,67.27,0,14.09,-996,12.1,22.66,0,0.2485555555555556
2.0661774,3.279407505422908,7.816726675466962,4.537319170044054,80.67,52.29,68.78,64.44,0,1.48,-996,11.01,29.19,0,0.2357777777777778
1.799203457757,3.263545267120706,8.38292524769339,5.119379980572689,87.04,49.5,69.41,56.75,0,3.27,48.98,5.67,24.52,0,0.223
0.7792576902399999,0.4211104701504425,1.938565128902655,1.517454658752213,77.59,39.56,58.55,50.61,6.42,0,34.7,12.1,19.17,0,0.118
0.5091100299999999,0.1724248672566372,1.984604286185841,1.812179418929204,77.76,48.06,62.25,52.63,2.09,0,41.83,17.46,18.28,0.2,0.1194
3.565379954899999,1.956591724778762,2.401256018867256,0.4446642940884955,73.36,41.39,56.85,72.93,7.62,0,42.3,8.9,18.27,0.01,0.1208
1.65995258961,1.191685377424779,2.489227077424779,1.2975417,83.86,41.23,61.93,61.88,2.46,0,38.76,12.47,16.98,0,0.1222
1.08334945915,0.7611720769911505,2.351539036991151,1.59036696,69.73,37.16,54.25,39.22,11.56,0,31.35,11.98,18.47,0,0.1236
0.6680262995999998,0.3558766417964602,2.17581063538938,1.81993399359292,71.67,32.84,51.23,44.74,12.74,0,26.68,8.76,18.26,0,0.125
0.4863855694600001,0.7390786460176991,2.824060712063096,2.084982066045399,77.45,44.39,60.49,47.77,4.08,0,38.94,12.76,17.22,0.29,0.128
5.48372724417,1.543330412920354,2.183791623690266,0.6404612107699115,53.06,37.91,44.27,93.26,19.52,0,28.28,18.94,1.86,0.75,0.131
6.43117732569,1.440925914424779,2.177916914946903,0.736991000522124,43.13,37.8,40.26,97.1,24.54,0,27.35,15.37,1.37,0.84,0.134
3.843177531879999,1.570125411238938,2.148732042738053,0.5786066314991151,65.84,37.12,49.28,67.71,13.52,0,30.72,6.91,17.29,0,0.137
3.877876799999999,1.589926874336283,2.04302700830708,0.4531001339707966,63.48,39.25,50.15,68.14,13.64,0,31.06,12.31,17.29,0,0.1316666666666667
1.9064169,0.6749594259292038,1.421613242123894,0.7466538161946902,43.18,30.95,38.53,77.1,27.93,0,22.03,11.87,5.14,0,0.1263333333333334
1.31102973439,0.4284912546637168,1.338811907256637,0.9103206525929205,35.46,26.05,32.12,91.82,34.25,0,17.85,11.91,3.13,0.31,0.121
2.154635225189999,0.7267441146371681,1.389541825433629,0.6627977107964602,35.4,25.86,32.27,89.75,34.37,0,13.9,18.25,3.18,0.03,0.1156666666666667
2.325166313089999,0.5974267253097346,1.361449335424779,0.7640226101150442,49.01,20.12,32.14,61.72,30.43,0,9.63,7.57,17.29,0,0.1103333333333333
3.6370206,1.222029175221239,1.689187043389381,0.4671578681681415,61.45,28.95,43.08,52.27,19.8,0,20.11,11.38,16.92,0,0.105
1.536485969,1.221855010884956,2.763845989168142,1.541990978283186,74.7,41.59,57.63,77.47,6.86,0,41.84,4.26,14.43,0,0.112
1.740424974,1.57037611221239,2.672675177336283,1.102299065123894,77.52,47.73,60.27,83.58,2.37,0,45.36,8.77,13.89,0.01,0.1184
1.799139019999999,1.197498313274336,2.253614932353983,1.056116619079647,76.62,52.21,61.22,73.99,0.58,0,-996,11.84,13.64,0,0.1248
1.27888116,1.406354184955752,2.250285808245134,0.8439316232893805,75.76,52.65,63.28,78.86,0.8,0,-996,18.08,13.46,0,0.1312
0.7466221000000002,1.277118159292036,2.138448634526549,0.8613304752345133,70.32,59.65,64.61,83.88,0.01,0,-996,16.49,6.69,0,0.1376
1.45120058,0.558413261681416,1.605473378761062,1.047060117079646,64.65,34.59,49.51,74.07,15.38,0,30.71,9.39,13.59,0,0.144
0.5587547019999999,0.5166636132743364,1.778987588495575,1.262323975221239,60.39,27.08,42.17,74.86,21.27,0,23.32,3.92,14.28,0,0.1438
1.175865531,0.9187836260176994,1.794724151654868,0.8759405256371681,71.65,34.52,52.47,62.34,11.91,0,30.15,13.04,13.01,0,0.1436
0.5601509000000002,-0.03882277433628308,0.9703873229734513,1.009210097309734,53.91,28.41,43.01,69.05,23.84,0,20.37,6.6,10.81,0,0.1434
1.23677914,1.041096347522124,2.186708952424779,1.145612604902655,79.97,49.57,61.65,56.58,0.23,0,43.55,17.56,12.62,0.01,0.1432
0.62568154,0.2965542467256638,1.257185583716814,0.9606313369911507,60.55,33.67,46.45,38.53,17.89,0,26.88,7.29,14.14,0,0.143
0.6543258639999997,0.07298311938053087,1.397287302674336,1.324304183293806,70.52,33.84,50.06,45.97,12.82,0,26.62,7.38,13.59,0,0.1358
0.5877278909999999,0.9630294124778763,1.99122705358407,1.028197641106195,71.8,32.24,50.67,52.24,12.98,0,24.82,7.68,13.45,0,0.1286
0.8135412,1.023279618584071,1.72225611079646,0.6989764922123894,72.34,45.19,58.26,42.44,6.23,0,38.94,20.06,12.93,0,0.1214
0.4129191709999999,1.02128575221239,1.747931978230089,0.7266462260176992,73.76,56.53,64.08,64.12,0,0.15,-996,23.84,12.4,0,0.1142
0.3813987199999999,0.2800545132743363,1.391648583345133,1.111594070070797,71.8,56.97,62.42,73.15,0.62,0,-996,11.14,11.64,0,0.107
0.159747798,0.2317083634513274,0.938354674699115,0.7066463112477875,57.11,46.16,51.44,90.11,13.37,0,40.93,8.46,1.97,0.01,0.1074
0.559170583,0.3208697841504425,0.9481868711681418,0.6273170870176991,47.89,28.07,41.72,92.9,27.02,0,22.93,9.93,3.09,0,0.1078
0.5359508890000001,0.8544663238938053,1.572390373858407,0.7179240499646019,52,29.78,44.43,88.42,24.11,0,26.46,11.37,4.57,0.01,0.1082
1.08516398,1.04401169761062,1.825638930159292,0.7816272325486727,61.34,40.7,52.93,93.38,13.98,0,31.41,17.66,2.44,0.35,0.1086
2.284155107999999,1.057707189557522,1.690192434743363,0.6324852451858406,57.02,34.69,43.43,64.1,19.14,0,25.77,9.96,12.89,0,0.109
2.212668179,1.206427877522124,2.045434820036815,0.8390069425146902,67.08,33.87,47.24,65.52,14.53,0,27.78,12.29,11.92,0,0.1091
1.07089905,0.4160548991150443,1.685314202575221,1.269259303460177,54.14,31.48,41.84,76.29,22.19,0,25.53,12.04,12.06,0,0.1092
0.54787157,1.073776230477876,2.023621337469027,0.9498451069911504,44.85,27.15,37.01,83,29,0,20.16,5.33,3.83,0.09,0.1093
1.551013188,1.682573603893805,2.699413664654867,1.016840060761062,49.5,30.19,40.43,80.36,25.16,0,20.77,10.25,5.58,0.04,0.1094
1.184430913,0.4147535588495575,1.35955507539823,0.9448015165486726,48.43,18.2,32.72,57.64,31.69,0,8.38,8.96,12.86,0,0.1095
1.0519884,0.4549772580530973,1.40878022240708,0.9538029643539823,56.12,28.68,39.76,56.09,22.6,0,18.09,11.66,12.31,0,0.1096
0.5186363110000001,0.9619010189203543,2.060493775646018,1.098592756725664,41.06,33.1,36.29,84.69,27.92,0,23.15,9.45,0.94,0.13,0.1097
0.585385613,1.006962964247788,1.464182006495576,0.4572190422477877,39.1,23.67,32.84,94.9,33.61,0,14.95,12.18,1.95,0.09,0.1098
1.259800639,0.5615434361946904,1.062403321061947,0.5008598848672566,55.18,20.78,35.19,72.02,27.02,0,12.72,6.63,12.06,0.01,0.1099
1.280723388,0.8906014011504426,1.223192662566372,0.3325912614159293,54.36,26.64,38.14,74.9,24.5,0,19.91,7.5,9.66,0,0.11
1.252729275,0.6545545845132744,1.094871554123894,0.4403169696106194,57.04,25.99,38.76,75.39,23.49,0,17.85,8.83,11.85,0,0.1154
0.8350308670000001,0.4917144090265487,1.259270243848672,0.7675558348221239,65.86,28.29,42.95,67.15,17.92,0,19.79,7.12,-996,0.01,0.1208
0.709430644,0.6923889055752209,1.381438530716814,0.689049625141593,65.52,29.1,44.84,55.23,17.69,0,19.77,7.89,12.22,0,0.1262
0.6197985429999998,0.5720417840707964,1.542458438840708,0.9704166547699115,72.21,32.66,49.75,46.91,12.56,0,26.93,7.23,12.25,0,0.1316
0.622550862,1.338046975752213,2.300172299203541,0.9621253234513276,72.16,32.67,51.01,53.06,12.58,0,27.88,7.58,11.98,0,0.137
1.059791151,0.6033130884955754,1.601636544955752,0.9983234564601768,49.57,28.5,42.04,74.99,25.97,0,23.18,9.73,9.27,0.03,0.1327
0.436963108,0.1098433377876107,1.019731732327434,0.909888394539823,43.62,27.08,34.89,80.02,29.65,0,18.81,7.98,8.66,0,0.1284
0.215188743,1.096354799362832,1.937337270331859,0.8409824709690265,34.83,16.52,29.57,94.93,39.33,0,7.42,12.33,3.98,0.15,0.1241
0.1242249030000001,0.05748140628318587,1.019084684638938,0.961603278355752,35.96,12.49,24.22,90.53,40.78,0,3.93,4.79,11.15,0.16,0.1198
0.234622292,1.136832156637168,1.334027715132743,0.1971955584955752,32.05,24.7,29.33,96.93,36.62,0,16.41,8.06,2.86,0.01,0.1155
0.5665939529999999,0.3523461937168144,0.9849179557433629,0.6325717620265486,32.27,21.24,27.76,90.34,38.24,0,13.18,5.96,11.01,0.13,0.1112
0.2444217974,0.5134784280530974,1.043122176637168,0.5296437485840708,44.55,18.2,32.71,75.75,33.62,0,10.78,7.51,12.01,0.32,0.1069
1.1873158,1.170437611061947,1.636481726131062,0.466044115069115,54.12,33.86,42.94,75.57,21.01,0,26.07,13.65,9.07,0.3,0.1026
1.339896239,0.2620462253097345,1.099581427433629,0.8375352021238939,48.36,28.32,36.64,81.43,26.66,0,21.95,7.61,11.29,0,0.0983
1.442318305,0.6342428046902656,1.333542279119734,0.6992994744294689,58.35,26.26,40.59,71.48,22.69,0,20.48,8.01,11.57,0,0.094
1.308062399,0.8157898823893803,1.520504556769912,0.704714674380531,63.03,30.73,45.58,61.12,18.12,0,24.24,6.17,11.4,0,0.1008
2.22750667,1.406910162743363,1.829280356362832,0.4223701936194691,67.59,32.13,50.14,67.11,15.14,0,26.25,14,10.5,0,0.1076
2.6442717,1.30373203539823,1.771873355867257,0.4681413204690266,56.79,21.14,43.01,59.41,26.04,0,12.57,20.3,11.44,0,0.1144
1.1228203,0.1569690326548673,0.8670656676902655,0.7100966350353982,50.05,15.04,30.28,60.67,32.45,0,3.67,10,11.63,0,0.1212
0.9575888149999999,0.2269924454867257,1.158544578663717,0.9315521331769914,61.59,21.21,40,59.25,23.6,0,12.63,7.63,11.48,0,0.128
1.380284,0.621711669823009,1.550870404227956,0.929158734404947,65.97,29.45,48.29,39.51,17.29,0,21.88,12.38,11.9,0,0.127
1.09605996,0.5193832730973452,1.555691601663717,1.036308328566372,66,34.66,49.23,44.25,14.67,0,31.55,14.63,11.32,0,0.126
0.329843346,0.3871564478761059,1.260030050442478,0.8728736025663718,44.47,31.3,37.94,71.57,27.11,0,23.34,8.54,5.31,0,0.125
0.5573617889999999,1.903104791681415,2.660920584929204,0.7578157932477875,54.05,35.83,46.32,95.71,20.06,0,29.23,15.33,1.32,0.6,0.124
1.47812298,0.965977812477876,1.566443433663717,0.6004656211858407,40.95,30.21,36.22,78.25,29.42,0,22.54,13.49,5.41,0.58,0.123
0.95783811,1.103305630619469,1.600238825060177,0.4969331944407081,34.41,23.01,29.6,83.78,36.29,0,14.44,-996,3.96,0.35,0.122
0.8033573349999998,0.2557954433628319,0.781466049,0.5256706056371682,34.8,26.3,30.98,91.28,34.45,0,18.62,-996,6.2,0.22,0.121
0.2019084881,0.299406264921239,0.7894224303371681,0.4900161654159291,40.39,27.82,33.63,85.36,30.9,0,21.66,5.35,10.9,0.4,0.12
0.3791103743999999,0.04426752982300881,0.7576874769663718,0.7134199471433629,45.72,23.46,32.1,91.45,30.41,0,14.95,5,8.97,0.1,0.119
1.2957729293,0.4221404967345134,1.172926204168142,0.7507857074336283,57.87,26.3,40,77.75,22.92,0,20.28,6.55,11.53,0.02,0.118
2.511101668999999,0.7160835177876107,2.029595043743363,1.313511525955752,72.72,25.89,50.42,53.19,15.7,0,21.39,8.77,18.62,0,0.184
3.162162900000002,0.7523203539823009,1.821218113115044,1.068897759132744,57.56,33.75,47.39,50,19.35,0,27.82,16.7,18.89,0,0.1911333333333333
1.564808509,-0.2259048424778762,0.9037749001858407,1.129679742663717,52.68,27.67,40.26,62.75,24.82,0,18.22,10.29,14.17,0,0.1982666666666667
1.71026225,-0.1682979769911505,1.196092300460177,1.364390277451327,60.42,33.11,44.51,74.54,18.24,0,27.58,6.43,13.88,0,0.2054
0.9474414499999998,0.6048016391150443,1.526649481154867,0.9218478420398231,60.98,37.7,49.02,99.06,15.66,0,30.97,14.54,5.73,0.01,0.2125333333333333
2.66587751,0.3465261477876106,1.763278661150442,1.416752513362832,61.79,37.18,49.25,56.93,15.51,0,27.99,15.82,14.48,0,0.2196666666666667
1.503493034999999,-0.7456747125663716,1.173319695979646,1.918994408546018,55.49,25.39,40.47,62.49,24.56,0,16.8,7.58,16.72,0,0.2268
2.171480045999999,-1.044901349044248,1.649753932858407,2.694655281902655,64.65,26.43,44.74,48.2,19.46,0,20.15,9.12,19.92,0,0.2339333333333333
1.95890828,-0.4731318788495575,2.126761587876106,2.599893466725664,70.83,32.52,51.22,45.4,13.33,0,25.54,11.2,20.59,0,0.2410666666666667
1.6079418,-0.02912088584070813,2.24336906840708,2.272489954247788,77.45,38.73,55.83,59,6.91,0,31.99,13.24,15.94,0.01,0.2482
0.9827610400000003,1.111092363716814,2.686166412132744,1.575074048415929,56.88,34.84,48.59,84.02,19.14,0,35.14,14.13,6.66,0.03,0.2553333333333333
1.65393034,-0.6872837814159295,1.719886953982301,2.407170735398231,64.54,28.42,45.74,71.67,18.52,0,23.62,6.44,20.14,0,0.2624666666666666
1.6179574,-0.4852574999999997,1.550723591150442,2.035981091150442,66.7,31.63,48.9,53.3,15.84,0,24.55,13.68,20.91,0,0.2696
1.5159472,-0.7273154867256633,1.541999066814159,2.269314553539823,71.28,37.88,55.01,49.64,10.42,0,30.88,16.2,18.12,0,0.2767333333333333
1.20221364,-0.5137956637168142,1.793140778230089,2.306936441946903,74.66,52.95,61.66,67.49,1.19,0,-996,23.56,15.97,0,0.2838666666666667
2.01192015,-0.9390958407079653,2.255716906725664,3.194812747433628,82.27,60.01,68.58,63.05,0,6.14,-996,23.61,20,0,0.291
0.7812233699999999,-0.2744708176991147,2.021493053628319,2.295963871327434,60.82,46.53,51.81,80.11,11.33,0,39.93,11.11,7.01,0,0.3176
0.5886756500000002,-1.425192634513274,1.935284555548673,3.360477190061947,69.76,48.63,54.08,93.46,5.8,0,44.58,7.46,4.37,0.08,0.3442
1.41416184,-0.9575896579646013,2.69509504141593,3.652684699380531,70.84,49.84,59.34,91.2,4.66,0,46.86,11.68,5.34,0.05,0.3708
4.543564238,-2.338296459292035,3.098308571362832,5.436605030654866,68.07,49.5,58.56,55.87,6.22,0,45.1,15.6,19.78,0.32,0.3974
3.15981084,-3.911781002654868,2.486136301884956,6.397917304539821,66.94,38.57,52.45,57.14,12.25,0,33.04,11.79,21.94,0,0.424
5.046670164,-8.883803166371685,12.95919305283982,21.8429962192115,76.24,34.23,56.72,51.54,9.76,0,29.99,9.47,27.34,0,0.733
1.700877662,-3.416630272566371,11.65536874513275,15.07199901769911,73.56,51.13,61.17,77.51,2.65,0,-996,8.78,28.85,0,0.223
1.397605293999999,0.03692827513274293,2.55004347678531,2.513115201652567,74.7,41.59,57.63,77.47,6.86,0,41.84,4.26,14.43,0,0.237
1.75132256,0.5142035692035395,2.824364508371681,2.310160939168141,77.52,47.73,60.27,83.58,2.37,0,45.36,8.77,13.89,0.01,0.2592
1.77982979,0.2834269088495576,2.80222796835478,2.518801059505221,76.62,52.21,61.22,73.99,0.58,0,-996,11.84,13.64,0,0.2814
1.59801818,0.09423790884955754,2.953189867141593,2.858951958292035,75.76,52.65,63.28,78.86,0.8,0,-996,18.08,13.46,0,0.3036
1.04470154,0.8374543168141593,3.18050365778761,2.343049340973451,70.32,59.65,64.61,83.88,0.01,0,-996,16.49,6.69,0,0.3258
1.47786091,-1.493168909734513,2.507529400884956,4.000698310619469,64.65,34.59,49.51,74.07,15.38,0,30.71,9.39,13.59,0,0.348
1.009083672,-0.05922131017699134,2.464425227946903,2.523646538123894,60.39,27.08,42.17,74.86,21.27,0,23.32,3.92,14.28,0,0.3598
1.420991428,-0.6897929654867256,2.691410846017701,3.381203811504425,71.65,34.52,52.47,62.34,11.91,0,30.15,13.04,13.01,0,0.3716
0.90142006,-0.7936209802035402,2.296448117761063,3.090069097964602,53.91,28.41,43.01,69.05,23.84,0,20.37,6.6,10.81,0,0.3834
1.68534516,0.0307581610619467,2.997846363982301,2.967088202920354,79.97,49.57,61.65,56.58,0.23,0,43.55,17.56,12.62,0.01,0.3952
1.3012761,-1.643485125663717,2.411045402654866,4.054530528318584,60.55,33.67,46.45,38.53,17.89,0,26.88,7.29,14.14,0,0.407
1.39669075,-0.8985727353982302,2.550413183097346,3.448985918495575,70.52,33.84,50.06,45.97,12.82,0,26.62,7.38,13.59,0,0.4134
1.312289609999999,-1.16870575221239,2.485330732035397,3.654036484247788,71.8,32.24,50.67,52.24,12.98,0,24.82,7.68,13.45,0,0.4198
1.36984719,-0.6419140805309732,2.776934015044248,3.418848095575221,72.34,45.19,58.26,42.44,6.23,0,38.94,20.06,12.93,0,0.4262
1.124556969999999,-1.402164238938055,2.961961335398231,4.364125574336283,73.76,56.53,64.08,64.12,0,0.15,-996,23.84,12.4,0,0.4326
1.343026771,-2.422943370796461,2.84505858,5.26800195079646,71.8,56.97,62.42,73.15,0.62,0,-996,11.14,11.64,0,0.439
0.5504648949999998,0.8434402646017698,2.633493050442477,1.790052785840708,57.11,46.16,51.44,90.11,13.37,0,40.93,8.46,1.97,0.01,0.4494
0.732722316,-0.1735076867256637,2.465546228761062,2.639053915486726,47.89,28.07,41.72,92.9,27.02,0,22.93,9.93,3.09,0,0.4598
0.7106652199999997,-0.9789020673451326,2.331482611221239,3.310384678566372,52,29.78,44.43,88.42,24.11,0,26.46,11.37,4.57,0.01,0.4702
0.76540947709,-0.6722610746017698,2.637396853805309,3.30965792840708,61.34,40.7,52.93,93.38,13.98,0,31.41,17.66,2.44,0.35,0.4806
1.923003595,-2.894295990265488,2.781808007256637,5.676103997522125,57.02,34.69,43.43,64.1,19.14,0,25.77,9.96,12.89,0,0.491
1.912369319999999,-1.447603518584071,2.917811872035399,4.365415390619471,67.08,33.87,47.24,65.52,14.53,0,27.78,12.29,11.92,0,0.5025
1.61068295,-3.165064565575221,2.792111534601769,5.957176100176992,54.14,31.48,41.84,76.29,22.19,0,25.53,12.04,12.06,0,0.514
0.7374248300000003,-0.04447409176991177,2.758147532123893,2.802621623893805,44.85,27.15,37.01,83,29,0,20.16,5.33,3.83,0.09,0.5255
1.573159782,-1.497847429115044,2.92714151415929,4.424988943274335,49.5,30.19,40.43,80.36,25.16,0,20.77,10.25,5.58,0.04,0.537
1.252841476,-2.147643043805309,2.537692228672568,4.685335272477877,48.43,18.2,32.72,57.64,31.69,0,8.38,8.96,12.86,0,0.5485
1.41469912,-0.8176134982300891,2.991778878584074,3.80939237681416,56.12,28.68,39.76,56.09,22.6,0,18.09,11.66,12.31,0,0.56
0.65476839,2.167780441858408,2.759979410442476,0.592198968584071,41.06,33.1,36.29,84.69,27.92,0,23.15,9.45,0.94,0.13,0.5715
0.662367325,-0.7188529046814162,1.701762230309734,2.42061513499115,39.1,23.67,32.84,94.9,33.61,0,14.95,12.18,1.95,0.09,0.583
1.459252042,-2.352064356637169,2.008284243371682,4.36034860000885,55.18,20.78,35.19,72.02,27.02,0,12.72,6.63,12.06,0.01,0.5945
1.20862523,-2.220250437876106,1.501645211840708,3.721895649716815,54.36,26.64,38.14,74.9,24.5,0,19.91,7.5,9.66,0,0.606
1.280609508,-2.887105460176991,1.270141981797345,4.157247441974337,57.04,25.99,38.76,75.39,23.49,0,17.85,8.83,11.85,0,0.6108
1.130248853,-2.814152998938053,1.079110570993805,3.893263569931858,65.86,28.29,42.95,67.15,17.92,0,19.79,7.12,-996,0.01,0.6156
1.027865477000001,-2.827451891946903,0.9387355531858408,3.766187445132744,65.52,29.1,44.84,55.23,17.69,0,19.77,7.89,12.22,0,0.6204
1.0172039,-2.442992382079646,1.026573629336283,3.46956601141593,72.21,32.66,49.75,46.91,12.56,0,26.93,7.23,12.25,0,0.6252
1.128668257,-3.204399896203539,0.8314276437079647,4.035827539911505,72.16,32.67,51.01,53.06,12.58,0,27.88,7.58,11.98,0,0.63
1.42350219,-2.892006414159291,1.757281189380531,4.649287603539823,49.57,28.5,42.04,74.99,25.97,0,23.18,9.73,9.27,0.03,0.6221
0.7849563709999996,-3.161915039469027,1.038903529380531,4.200818568849557,43.62,27.08,34.89,80.02,29.65,0,18.81,7.98,8.66,0,0.6142
0.3726685039999999,-0.184717912300885,1.262853426106195,1.44757133840708,34.83,16.52,29.57,94.93,39.33,0,7.42,12.33,3.98,0.15,0.6063000000000001
0.230192433,-0.7137232757522125,1.095902265623894,1.809625541376106,35.96,12.49,24.22,90.53,40.78,0,3.93,4.79,11.15,0.16,0.5984
0.312628997,-0.2205033562831859,1.197591809734514,1.418095166017699,32.05,24.7,29.33,96.93,36.62,0,16.41,8.06,2.86,0.01,0.5905
0.1303409159999999,0.3898854573451327,1.530982965982301,1.141097508637168,32.27,21.24,27.76,90.34,38.24,0,13.18,5.96,11.01,0.13,0.5826
0.2601360839999999,0.9964526575221242,2.05986726238938,1.063414604867257,44.55,18.2,32.71,75.75,33.62,0,10.78,7.51,12.01,0.32,0.5747
0.7064212920000003,-0.1348871256637167,2.284408252433629,2.419295378097346,54.12,33.86,42.94,75.57,21.01,0,26.07,13.65,9.07,0.3,0.5668000000000001
0.9774581009999997,-3.239353808761061,2.059259100530974,5.298612909292036,48.36,28.32,36.64,81.43,26.66,0,21.95,7.61,11.29,0,0.5589000000000001
1.210079901,-2.273075068141593,2.735478921799114,5.008553989940708,58.35,26.26,40.59,71.48,22.69,0,20.48,8.01,11.57,0,0.551
1.228808927,-2.49773836460177,2.632114195088496,5.129852559690267,63.03,30.73,45.58,61.12,18.12,0,24.24,6.17,11.4,0,0.5552
1.688310566,-1.072840787522125,3.065621600070798,4.138462387592921,67.59,32.13,50.14,67.11,15.14,0,26.25,14,10.5,0,0.5594
2.424674998,-2.674116175221239,2.720892186804425,5.395008362025663,56.79,21.14,43.01,59.41,26.04,0,12.57,20.3,11.44,0,0.5636
1.41804544,-1.771003425663717,2.058116151966372,3.829119577630089,50.05,15.04,30.28,60.67,32.45,0,3.67,10,11.63,0,0.5678
1.216002756,-1.290870836283186,2.422712064902655,3.713582901185841,61.59,21.21,40,59.25,23.6,0,12.63,7.63,11.48,0,0.572
1.92517644,-1.435377225663717,2.675452522300885,4.110829747964601,65.97,29.45,48.29,39.51,17.29,0,21.88,12.38,11.9,0,0.5642999999999999
1.96642436,-2.838998269911504,2.66529815442478,5.504296424336284,66,34.66,49.23,44.25,14.67,0,31.55,14.63,11.32,0,0.5566
0.72424103,-0.9775391933628317,2.175229717964601,3.152768911327434,44.47,31.3,37.94,71.57,27.11,0,23.34,8.54,5.31,0,0.5488999999999999
0.4554202819999998,-1.945899860973451,2.431730733451328,4.377630594424779,54.05,35.83,46.32,95.71,20.06,0,29.23,15.33,1.32,0.6,0.5412
1.210607399,-1.862766287522125,2.179800172831858,4.042566460353982,40.95,30.21,36.22,78.25,29.42,0,22.54,13.49,5.41,0.58,0.5335
0.780085811,-0.5081358663716817,1.948495772795576,2.456631639167258,34.41,23.01,29.6,83.78,36.29,0,14.44,-996,3.96,0.35,0.5257999999999999
0.8714569180000002,-1.073948829292035,2.058895268840708,3.132844098132744,34.8,26.3,30.98,91.28,34.45,0,18.62,-996,6.2,0.22,0.5181
0.3541461409999999,0.471780963716814,2.207056347876106,1.735275384159292,40.39,27.82,33.63,85.36,30.9,0,21.66,5.35,10.9,0.4,0.5104
0.5674947730000003,-1.691609080061947,1.982219887274337,3.673828967336283,45.72,23.46,32.1,91.45,30.41,0,14.95,5,8.97,0.1,0.5027
0.9627975839999999,-2.696903219469027,2.513719410132745,5.210622629601771,57.87,26.3,40,77.75,22.92,0,20.28,6.55,11.53,0.02,0.495
1.625670945,-2.75398172123894,2.642356732300886,5.396338453539824,72.72,25.89,50.42,53.19,15.7,0,21.39,8.77,18.62,0,0.641
1.6985775999,-3.670858019469027,2.488780099115044,6.159638118584071,57.56,33.75,47.39,50,19.35,0,27.82,16.7,18.89,0,0.639
0.9669227555999996,-2.038279364601772,2.093969335221239,4.132248699823009,52.68,27.67,40.26,62.75,24.82,0,18.22,10.29,14.17,0,0.637
1.179522977,-2.474384057761061,2.316394130734513,4.790778188495576,60.42,33.11,44.51,74.54,18.24,0,27.58,6.43,13.88,0,0.635
0.7631261224999997,-1.888102088761062,2.547439560796461,4.43554164955752,60.98,37.7,49.02,99.06,15.66,0,30.97,14.54,5.73,0.01,0.633
2.096339510800001,-5.36232792026549,2.556341728407079,7.918669648672567,61.79,37.18,49.25,56.93,15.51,0,27.99,15.82,14.48,0,0.631
1.480764134599999,-4.846821706194691,2.064622100973452,6.911443807168142,55.49,25.39,40.47,62.49,24.56,0,16.8,7.58,16.72,0,0.629
2.4414266,-4.628762521327431,2.293671033716814,6.92243355504425,64.65,26.43,44.74,48.2,19.46,0,20.15,9.12,19.92,0,0.627
2.1353120719,-5.097783599999997,2.638363346283186,7.736146946283186,70.83,32.52,51.22,45.4,13.33,0,25.54,11.2,20.59,0,0.625
1.811076505600001,-4.608301364601767,2.85621727380531,7.46451863840708,77.45,38.73,55.83,59,6.91,0,31.99,13.24,15.94,0.01,0.623
1.122466907,-2.923997423893804,2.52616324539823,5.450160669292035,56.88,34.84,48.59,84.02,19.14,0,35.14,14.13,6.66,0.03,0.621
2.259352336000002,-5.3904529600885,2.402750527168142,7.793203487256638,64.54,28.42,45.74,71.67,18.52,0,23.62,6.44,20.14,0,0.619
2.258303362500002,-5.326704029469029,2.510998771858407,7.837702801327433,66.7,31.63,48.9,53.3,15.84,0,24.55,13.68,20.91,0,0.617
1.851581584899999,-4.499202736991149,2.782801678938053,7.282004415929202,71.28,37.88,55.01,49.64,10.42,0,30.88,16.2,18.12,0,0.615
1.819249863,-3.676699808761063,3.129355440796461,6.80605524955752,74.66,52.95,61.66,67.49,1.19,0,-996,23.56,15.97,0,0.613
2.169642146900001,-5.149369728318582,3.472506366371682,8.621876094690265,82.27,60.01,68.58,63.05,0,6.14,-996,23.61,20,0,0.611
0.7756717637999997,-1.57456736283186,2.601375929203539,4.175943292035399,60.82,46.53,51.81,80.11,11.33,0,39.93,11.11,7.01,0,0.6335999999999999
0.6659364701999997,-0.8593170724513282,2.710670899380531,3.569987971831859,69.76,48.63,54.08,93.46,5.8,0,44.58,7.46,4.37,0.08,0.6562
1.1774530036,-1.850940072477876,3.065647187660178,4.916587260138056,70.84,49.84,59.34,91.2,4.66,0,46.86,11.68,5.34,0.05,0.6788
2.362387894000002,-4.236938860619472,2.976034726991152,7.212973587610621,68.07,49.5,58.56,55.87,6.22,0,45.1,15.6,19.78,0.32,0.7014
2.629410834499998,-5.981199037168138,2.539559983539824,8.520759020707963,66.94,38.57,52.45,57.14,12.25,0,33.04,11.79,21.94,0,0.724
5.748459460000002,-13.2113020460177,2.417487743628319,15.62878978964602,76.24,34.23,56.72,51.54,9.76,0,29.99,9.47,27.34,0,0.708
2.2066367,-5.432531368141595,2.238585746017699,7.671117114159294,73.56,51.13,61.17,77.51,2.65,0,-996,8.78,28.85,0,0.193
1.209566534705,-0.2138372978495574,4.335271675247788,4.549108973097344,77.59,39.56,58.55,50.61,6.42,0,34.7,12.1,19.17,0,0.193
1.109968361869,-0.684481061946903,4.715009092035399,5.399490153982302,77.76,48.06,62.25,52.63,2.09,0,41.83,17.46,18.28,0.2,0.2038
3.323050374657,0.7202662971929209,4.736328033122125,4.016061735929204,73.36,41.39,56.85,72.93,7.62,0,42.3,8.9,18.27,0.01,0.2146
2.479561030799,-0.3459236218088493,4.293297674474337,4.639221296283186,83.86,41.23,61.93,61.88,2.46,0,38.76,12.47,16.98,0,0.2254
1.663158229193,-1.436638418984071,3.61291688021947,5.04955529920354,69.73,37.16,54.25,39.22,11.56,0,31.35,11.98,18.47,0,0.2362
1.586936137162,-1.954457785489381,3.152406495130089,5.106864280619468,71.67,32.84,51.23,44.74,12.74,0,26.68,8.76,18.26,0,0.247
1.625289902228,-1.159632214287611,3.657599716969913,4.817231931257522,77.45,44.39,60.49,47.77,4.08,0,38.94,12.76,17.22,0.29,0.274
1.914444360403,0.9247865662433626,3.994171072685841,3.069384506442478,53.06,37.91,44.27,93.26,19.52,0,28.28,18.94,1.86,0.75,0.301
0.991271590313,-3.665494251485841,2.779065197275222,6.444559448761062,43.13,37.8,40.26,97.1,24.54,0,27.35,15.37,1.37,0.84,0.328
2.737659632823,-1.74897479208584,2.478716833754867,4.227691625840709,65.84,37.12,49.28,67.71,13.52,0,30.72,6.91,17.29,0,0.355
3.095659619241999,-1.711503717817699,2.244293548359293,3.955797266176992,63.48,39.25,50.15,68.14,13.64,0,31.06,12.31,17.29,0,0.3511666666666666
1.5245028,-0.9049587610619468,1.32201387661062,2.226972637672567,43.18,30.95,38.53,77.1,27.93,0,22.03,11.87,5.14,0,0.3473333333333333
0.956136274067,-0.8227243909035399,1.492401906087611,2.315126296991151,35.46,26.05,32.12,91.82,34.25,0,17.85,11.91,3.13,0.31,0.3435
1.234111745915,-0.9825107415212383,0.9622008555451326,1.944711597066372,35.4,25.86,32.27,89.75,34.37,0,13.9,18.25,3.18,0.03,0.3396666666666667
1.946842799411999,-1.509360657148673,1.215060927530973,2.724421584679646,49.01,20.12,32.14,61.72,30.43,0,9.63,7.57,17.29,0,0.3358333333333333
2.702985599999999,-1.091881791724778,1.420905371726549,2.512787163451328,61.45,28.95,43.08,52.27,19.8,0,20.11,11.38,16.92,0,0.332
1.021692013,0.7943328796460178,3.381990247194691,2.587657367548674,74.7,41.59,57.63,77.47,6.86,0,41.84,4.26,14.43,0,0.18
1.10053705,1.419575236725663,3.442175919,2.022600682274337,77.52,47.73,60.27,83.58,2.37,0,45.36,8.77,13.89,0.01,0.192
1.221672812,1.436538321238938,3.691021292123895,2.254482970884955,76.62,52.21,61.22,73.99,0.58,0,-996,11.84,13.64,0,0.204
1.028996393,1.07729361079646,3.51514044780531,2.43784683700885,75.76,52.65,63.28,78.86,0.8,0,-996,18.08,13.46,0,0.216
0.5732076800000002,1.545302970796461,3.489758811557522,1.944455840761062,70.32,59.65,64.61,83.88,0.01,0,-996,16.49,6.69,0,0.228
1.179461364999999,-0.0448669943362829,3.008176005106194,3.053042999442479,64.65,34.59,49.51,74.07,15.38,0,30.71,9.39,13.59,0,0.24
0.7739487739999998,1.037009682477877,3.431100937141593,2.394091254663717,60.39,27.08,42.17,74.86,21.27,0,23.32,3.92,14.28,0,0.2488
1.41009574,-0.01761429823008882,2.789125779504425,2.806740077734514,71.65,34.52,52.47,62.34,11.91,0,30.15,13.04,13.01,0,0.2576
0.7208195199999997,-0.8228775663716815,1.825990485546903,2.648868051918584,53.91,28.41,43.01,69.05,23.84,0,20.37,6.6,10.81,0,0.2664
1.687992943,0.5435057946902659,3.338402943257523,2.794897148567257,79.97,49.57,61.65,56.58,0.23,0,43.55,17.56,12.62,0.01,0.2752
1.18448559,-0.9962047831858404,2.286646166309736,3.282850949495575,60.55,33.67,46.45,38.53,17.89,0,26.88,7.29,14.14,0,0.284
1.18371325,-0.1379877292035399,2.868665653433628,3.006653382637169,70.52,33.84,50.06,45.97,12.82,0,26.62,7.38,13.59,0,0.2926
1.100059922,0.2399336601769908,3.084239028345133,2.844305368168142,71.8,32.24,50.67,52.24,12.98,0,24.82,7.68,13.45,0,0.3012
1.22513272,-0.1787934982300887,2.805487579584956,2.984281077815044,72.34,45.19,58.26,42.44,6.23,0,38.94,20.06,12.93,0,0.3098
1.010334819,-0.6330732292035399,3.063322826522124,3.696396055725663,73.76,56.53,64.08,64.12,0,0.15,-996,23.84,12.4,0,0.3184
1.0589745,-1.401057501769911,2.96723727541593,4.368294777185842,71.8,56.97,62.42,73.15,0.62,0,-996,11.14,11.64,0,0.327
0.3954151579999999,0.5689607495575221,2.355835134106195,1.786874384548673,57.11,46.16,51.44,90.11,13.37,0,40.93,8.46,1.97,0.01,0.3386
0.5987483360000001,0.1866184996460177,2.23278746519469,2.046168965548673,47.89,28.07,41.72,92.9,27.02,0,22.93,9.93,3.09,0,0.3502
0.678601941,-0.1024573348672562,2.299769851300885,2.402227186168141,52,29.78,44.43,88.42,24.11,0,26.46,11.37,4.57,0.01,0.3618
0.7202484409999997,0.3145636218584071,2.681819174628319,2.367255552769913,61.34,40.7,52.93,93.38,13.98,0,31.41,17.66,2.44,0.35,0.3734
1.780306845,-1.494499603539823,2.526578239221239,4.021077842761062,57.02,34.69,43.43,64.1,19.14,0,25.77,9.96,12.89,0,0.385
1.555707964,-0.8512287371681416,2.888816880265487,3.74004561743363,67.08,33.87,47.24,65.52,14.53,0,27.78,12.29,11.92,0,0.3944
1.309498163,-2.405023447858407,2.499947729442478,4.904971177300884,54.14,31.48,41.84,76.29,22.19,0,25.53,12.04,12.06,0,0.4038
0.5548170820000002,-0.5751413656725665,2.119508154238938,2.694649519911505,44.85,27.15,37.01,83,29,0,20.16,5.33,3.83,0.09,0.4132
1.195636778000001,-1.099134166460178,2.389756910973452,3.488891077433629,49.5,30.19,40.43,80.36,25.16,0,20.77,10.25,5.58,0.04,0.4226
1.201911128000001,-1.196324171681416,2.187051412563717,3.383375584245133,48.43,18.2,32.72,57.64,31.69,0,8.38,8.96,12.86,0,0.432
1.160481584,-0.7258325893805313,2.224892950247789,2.950725539628318,56.12,28.68,39.76,56.09,22.6,0,18.09,11.66,12.31,0,0.4414
0.400751093,0.8783620622123894,2.08573799384071,1.207375931628319,41.06,33.1,36.29,84.69,27.92,0,23.15,9.45,0.94,0.13,0.4508
0.6007535000000002,-0.8011953023893802,1.945194506283186,2.746389808672566,39.1,23.67,32.84,94.9,33.61,0,14.95,12.18,1.95,0.09,0.4602
1.159421697,-1.690889135575221,2.143156148681416,3.834045284256637,55.18,20.78,35.19,72.02,27.02,0,12.72,6.63,12.06,0.01,0.4696
1.107928226999999,-1.32786499380531,2.109502641424779,3.43736763523009,54.36,26.64,38.14,74.9,24.5,0,19.91,7.5,9.66,0,0.479
1.255149079,-1.480877604159292,2.243607810530974,3.724485414690266,57.04,25.99,38.76,75.39,23.49,0,17.85,8.83,11.85,0,0.4858
1.277423423,-0.949547875221239,2.80775740619469,3.757305281415929,65.86,28.29,42.95,67.15,17.92,0,19.79,7.12,-996,0.01,0.4926
1.109297415,-1.194610794690265,2.705837567256637,3.900448361946903,65.52,29.1,44.84,55.23,17.69,0,19.77,7.89,12.22,0,0.4994
1.016428713,-1.507500395044248,2.604263230353983,4.11176362539823,72.21,32.66,49.75,46.91,12.56,0,26.93,7.23,12.25,0,0.5062
0.943603402,-0.6589369592920353,3.027146936973451,3.686083896265486,72.16,32.67,51.01,53.06,12.58,0,27.88,7.58,11.98,0,0.513
0.7767136490000002,-0.07940743510619441,2.517773547106195,2.597180982212389,49.57,28.5,42.04,74.99,25.97,0,23.18,9.73,9.27,0.03,0.5073
0.6471926689999999,0.1881868484070794,2.322489469380531,2.134302620973451,43.62,27.08,34.89,80.02,29.65,0,18.81,7.98,8.66,0,0.5016
0.381396603,0.8758341788495575,2.145181912566372,1.269347733716815,34.83,16.52,29.57,94.93,39.33,0,7.42,12.33,3.98,0.15,0.4959
0.790524008,-0.4677588764601768,2.065165902477877,2.532924778938054,35.96,12.49,24.22,90.53,40.78,0,3.93,4.79,11.15,0.16,0.4902
0.323001932,1.28446654619469,2.459320669115045,1.174854122920354,32.05,24.7,29.33,96.93,36.62,0,16.41,8.06,2.86,0.01,0.4845
0.1244730081,2.270376716814159,2.87625987079646,0.6058831539823011,32.27,21.24,27.76,90.34,38.24,0,13.18,5.96,11.01,0.13,0.4788
0.1898473624000001,0.9759899787610617,2.242688338727523,1.266698359966461,44.55,18.2,32.71,75.75,33.62,0,10.78,7.51,12.01,0.32,0.4731
0.9419971830000001,-0.1784097278761063,2.259488314752212,2.437898042628318,54.12,33.86,42.94,75.57,21.01,0,26.07,13.65,9.07,0.3,0.4674
0.8968165339999998,-2.394306274778761,1.855102295707965,4.249408570486727,48.36,28.32,36.64,81.43,26.66,0,21.95,7.61,11.29,0,0.4617
1.2019377,-1.542736166814159,2.395866665469026,3.938602832283187,58.35,26.26,40.59,71.48,22.69,0,20.48,8.01,11.57,0,0.456
0.9699813680000001,-1.333980532035398,2.467147627433628,3.801128159469028,63.03,30.73,45.58,61.12,18.12,0,24.24,6.17,11.4,0,0.4576
1.490980689,-0.8707147040707965,2.567892759451329,3.438607463522125,67.59,32.13,50.14,67.11,15.14,0,26.25,14,10.5,0,0.4592
2.268977239999999,-1.85415439380531,2.22980597179646,4.08396036560177,56.79,21.14,43.01,59.41,26.04,0,12.57,20.3,11.44,0,0.4608
1.204276766,-1.995386232743363,1.508329252035398,3.503715484778762,50.05,15.04,30.28,60.67,32.45,0,3.67,10,11.63,0,0.4624
0.9932223779999998,-0.7177581915929204,2.649717061963009,3.36747525355593,61.59,21.21,40,59.25,23.6,0,12.63,7.63,11.48,0,0.464
1.6314478,-0.4373270832743362,2.702503005132743,3.13983008840708,65.97,29.45,48.29,39.51,17.29,0,21.88,12.38,11.9,0,0.4552
1.6967755,-2.000076276106195,2.512424919026549,4.512501195132743,66,34.66,49.23,44.25,14.67,0,31.55,14.63,11.32,0,0.4464
0.446382298,-0.2872298230088493,2.193366509203539,2.480596332212389,44.47,31.3,37.94,71.57,27.11,0,23.34,8.54,5.31,0,0.4376
0.42383581,0.7725142847787613,2.387413846194691,1.614899561415929,54.05,35.83,46.32,95.71,20.06,0,29.23,15.33,1.32,0.6,0.4288
0.6801312179999999,0.3914896826548673,2.283917178584071,1.892427495929204,40.95,30.21,36.22,78.25,29.42,0,22.54,13.49,5.41,0.58,0.42
0.5599329949999999,0.2629507492035399,1.862904510079646,1.599953760876106,34.41,23.01,29.6,83.78,36.29,0,14.44,-996,3.96,0.35,0.4112
0.6126543761,-0.1524772235309733,2.094524595477876,2.24700181900885,34.8,26.3,30.98,91.28,34.45,0,18.62,-996,6.2,0.22,0.4024
0.1343564489,0.9362126707964601,2.457664216247788,1.521451545451327,40.39,27.82,33.63,85.36,30.9,0,21.66,5.35,10.9,0.4,0.3936
0.28765967404,-0.1884736433628313,2.0523205760177,2.240794219380531,45.72,23.46,32.1,91.45,30.41,0,14.95,5,8.97,0.1,0.3848
0.7447768862999999,-0.4834154023008849,2.90769272840708,3.391108130707964,57.87,26.3,40,77.75,22.92,0,20.28,6.55,11.53,0.02,0.376
2.4380321,-0.6052504221238931,2.764066945221239,3.369317367345133,72.72,25.89,50.42,53.19,15.7,0,21.39,8.77,18.62,0,0.483
2.504319750000001,-1.908925055044249,2.49046173079646,4.39938678584071,57.56,33.75,47.39,50,19.35,0,27.82,16.7,18.89,0,0.4823333333333333
1.89161396,-0.6602928753982293,2.328151658495575,2.988444533893805,52.68,27.67,40.26,62.75,24.82,0,18.22,10.29,14.17,0,0.4816666666666666
2.298002770000001,-1.184697995575222,2.582899941504427,3.767597937079646,60.42,33.11,44.51,74.54,18.24,0,27.58,6.43,13.88,0,0.481
2.473925469999999,-0.9624677814159288,2.890856190265486,3.853323971681416,60.98,37.7,49.02,99.06,15.66,0,30.97,14.54,5.73,0.01,0.4803333333333333
2.138620628999999,-2.062571049557521,3.039617538318584,5.102188587876108,61.79,37.18,49.25,56.93,15.51,0,27.99,15.82,14.48,0,0.4796666666666666
1.95025267,-1.70938925840708,3.110685937168142,4.820075195575222,55.49,25.39,40.47,62.49,24.56,0,16.8,7.58,16.72,0,0.479
2.4176067,-1.003027850442477,3.39456293362832,4.397590784070797,64.65,26.43,44.74,48.2,19.46,0,20.15,9.12,19.92,0,0.4783333333333333
2.332846911,-2.214149032831858,3.185402061273451,5.399551094105311,70.83,32.52,51.22,45.4,13.33,0,25.54,11.2,20.59,0,0.4776666666666666
1.942591831,-2.845940925663718,3.214851648053097,6.060792573716815,77.45,38.73,55.83,59,6.91,0,31.99,13.24,15.94,0.01,0.477
1.94303808,-0.1370092778761062,3.448066826548674,3.585076104424779,56.88,34.84,48.59,84.02,19.14,0,35.14,14.13,6.66,0.03,0.4763333333333333
2.327298400000001,-1.646491145575222,3.214535499557522,4.861026645132744,64.54,28.42,45.74,71.67,18.52,0,23.62,6.44,20.14,0,0.4756666666666666
2.20339915,-1.303061470088496,3.348333065309734,4.65139453539823,66.7,31.63,48.9,53.3,15.84,0,24.55,13.68,20.91,0,0.475
2.029662800000001,-0.8250462493805311,3.519510733274336,4.344556982654867,71.28,37.88,55.01,49.64,10.42,0,30.88,16.2,18.12,0,0.4743333333333333
2.15502935,-1.249245342477876,3.692149120353983,4.94139446283186,74.66,52.95,61.66,67.49,1.19,0,-996,23.56,15.97,0,0.4736666666666666
2.236964331,-2.013503454955753,3.753292978672568,5.766796433628318,82.27,60.01,68.58,63.05,0,6.14,-996,23.61,20,0,0.473
1.257634583,-1.345681505309735,3.12013777699115,4.465819282300886,60.82,46.53,51.81,80.11,11.33,0,39.93,11.11,7.01,0,0.4913999999999999
1.60911637,0.1013914752212391,3.745496461061947,3.644104985840709,69.76,48.63,54.08,93.46,5.8,0,44.58,7.46,4.37,0.08,0.5097999999999999
1.8113198,-0.6348966276106195,3.600948541858408,4.235845169469028,70.84,49.84,59.34,91.2,4.66,0,46.86,11.68,5.34,0.05,0.5282
2.175406424,-1.608755974247788,3.484456953451328,5.093212927699115,68.07,49.5,58.56,55.87,6.22,0,45.1,15.6,19.78,0.32,0.5466
2.43827081,-2.044948053982302,3.338099769026549,5.38304782300885,66.94,38.57,52.45,57.14,12.25,0,33.04,11.79,21.94,0,0.565
3.811689160000001,-3.85521564424779,4.013849566194692,7.869065210442479,76.24,34.23,56.72,51.54,9.76,0,29.99,9.47,27.34,0,0.594
1.313074871,0.1107750408849558,2.607245984867256,2.496470943982301,73.56,51.13,61.17,77.51,2.65,0,-996,8.78,28.85,0,0.179
1.344984266,-3.840223595575221,3.35372889823009,7.19395249380531,75.02,33.37,53.01,60.78,10.8,0,30.49,4.92,11.91,0,0.819
1.325402235,-4.136446473451326,3.288893886637168,7.425340360088497,71.94,34.02,50.01,67.5,12.02,0,28.03,6.47,12.22,0,0.9465
1.60056442,-2.182503090265488,3.700865710537168,5.883368800802657,78.85,38.31,57.18,52.9,6.42,0,35.02,8.91,11.89,0,1.074
1.314032338999999,-2.819505345132744,3.864400040707965,6.683905385840708,75.97,45.03,56.57,64.1,4.5,0,40.7,6.97,9.61,0,0.9856666666666667
0.8577973769999999,-2.287647469911505,3.111736576460177,5.399384046371682,53.92,43.58,48.79,74.84,16.25,0,38.21,7.77,5.17,0,0.8973333333333334
1.926630381,-1.746881338938053,3.93432399939823,5.681205338336284,78.96,42.32,57.12,62.4,4.36,0,36.96,15.04,11.19,0,0.809
0.9308286939999999,0.944151172566372,3.995167516646017,3.051016344079646,52.74,13.91,33.5,67.59,31.68,0,8.81,8.69,12.05,0.1,0.98
0.6690157269999999,-0.4695807528318584,2.156057442557522,2.625638195389381,67.08,22.31,45.41,48.65,20.3,0,14.6,9.41,-996,0,0.602
0.3034569850000001,-1.306615205309735,1.080178781097346,2.38679398640708,40.56,25.24,31.82,52.58,32.1,0,12.78,14.52,12.04,0,0.6018
0.297989577,-0.8451605994690269,0.9053955808725663,1.750556180341593,32.66,20.93,26.72,51.78,38.21,0,11.46,6.63,4.51,0,0.6016
0.4416996253999999,-0.6025538102654868,1.242833485699115,1.845387295964602,38,17.35,28.55,85.6,37.33,0,8.23,7.79,7.53,0.06,0.6013999999999999
0.7050172100000001,-1.583560635132744,1.32471814430708,2.908278779439823,52.99,19.43,33.94,62.27,28.79,0,9.12,8.77,14.25,0,0.6012
0.8068156734999999,-0.4123356969026549,2.111173858035399,2.523509554938054,68.41,22.42,43.84,39.39,19.59,0,14.02,10.8,14.73,0,0.601
0.5114454898000002,-0.5373715571681412,1.90409568021239,2.441467237380531,64.83,21.96,40.73,42.58,21.6,0,12.95,5.97,14.84,0,0.5982
0.5451541084999998,-0.5210383778761061,2.516855868477876,3.037894246353982,71.51,24.68,49.32,48.49,16.9,0,18.11,10.19,14.18,0,0.5953999999999999
0.2917703419999999,-0.6025781628318583,2.957700462530974,3.560278625362833,64.44,32.83,51.52,78.82,16.37,0,20.78,16.31,7.05,0,0.5926
0.3537186164999999,1.856304442752213,2.61503278319469,0.7587283404424779,32.73,15.1,22.51,90.34,41.09,0,17.26,-996,1.9,0,0.5898
0.389095037,2.769415812477876,3.374563814665487,0.6051480021876107,16.11,11.48,13.37,83.9,51.21,0,-996,-996,5.68,0,0.587
0.18854186179,1.146339007168141,1.63471511421239,0.4883761070442477,32.25,3.06,19.66,69.08,47.35,0,-996,-996,15.86,0.11,0.5841999999999999
0.8497290154999998,1.406634674336283,2.621691411921239,1.215056737584956,42.33,11.71,29.32,63.25,37.98,0,-996,-996,16.03,0.03,0.5813999999999999
0.7134570319999999,-0.5775211115044246,2.389887001513274,2.967408113017699,49.05,19.05,34.94,68.24,30.95,0,-996,-996,15.23,0,0.5786
1.176045914,-0.5061376513274336,3.112326473893806,3.618464125221239,58.78,21.64,38.81,57.9,24.79,0,-996,-996,15.61,0,0.5758
1.311526905999999,-0.7375196469026551,3.078127556123894,3.815647203026549,65.95,30.33,45.81,44.49,16.86,0,-996,-996,16.13,0,0.573
1.433795117,-1.40584104159292,2.682353865663717,4.088194907256638,68.63,28.91,46.66,40.56,16.23,0,-996,-996,15.51,0,0.5676
1.130011821999999,-1.305886150353982,2.720391922035398,4.026278072389382,62.6,34.75,47.24,48.57,16.33,0,-996,-996,15.9,0,0.5622
1.20691776,-1.514323027433628,2.680000146637168,4.194323174070797,62.08,37.62,48.75,45.43,15.15,0,-996,-996,15.63,0,0.5568
0.8531413640000002,-2.110439062831859,1.734837059707965,3.845276122539822,41.3,22.22,31.34,44.1,33.24,0,-996,-996,16.16,0,0.5514
0.8589410679999998,-1.383419285840708,2.394081187486726,3.777500473327434,56.17,25.85,39.54,42.28,23.99,0,-996,-996,16.75,0,0.546
1.2269183,-0.6598262628318586,3.210533633628319,3.870359896460177,71.04,30.59,49.3,36.64,14.18,0,-996,-996,-996,0,0.5536
0.9575534099999997,-1.067233826548672,3.335349842442479,4.40258366899115,70.27,37.84,54.46,45.1,10.95,0,-996,-996,-996,0,0.5612
0.989870145,-0.4796803274336284,3.91089280802655,4.390573135460176,74.12,47.41,61.26,62.65,4.24,0,-996,-996,14.39,0,0.5688
1.079378,0.2183229318584071,1.653093387238938,1.434770455380531,47.26,16.3,26.49,85.01,33.22,0,-996,-996,7.91,0.54,0.5764
1.26419502,-0.9403341252212394,1.853269895548672,2.793604020769912,49.06,11.07,29.68,66.6,34.94,0,-996,-996,17.83,0,0.584
1.151543537,-0.5441493982300886,3.04967281951593,3.593822217746018,61.93,25.87,41.69,62.75,21.1,0,-996,-996,17.93,0,0.5771333333333333
2.0631406,-0.897131150442478,3.729378888955752,4.62651003939823,68.86,40.24,52.55,42.25,10.45,0,-996,-996,17.77,0,0.5702666666666666
1.707397,-1.036134294690265,4.291021844522123,5.327156139212389,71.06,42.75,58.71,61.67,8.1,0,-996,-996,12.56,0,0.5634
1.1732268,-1.701835614159293,1.423176498589381,3.125012112748673,40.99,14.4,23.05,54.69,37.31,0,-996,-996,18.3,0.01,0.5565333333333333
0.6588761000000001,0.04813306486725664,0.6572650251504424,0.609131960283186,17.33,9,13.67,66.53,51.84,0,-996,-996,5.52,0,0.5496666666666666
0.6909803320000001,2.21559183541593,2.586629645761063,0.3710378103451328,21.54,10.78,16.7,87.92,48.84,0,-996,-996,5.14,0,0.5428
0.9502490300000003,0.618319052920354,1.456282816725664,0.8379637638053097,28.32,6.26,18.99,71.96,47.71,0,-996,-996,15.35,0,0.5359333333333333
0.46569255,0.1186702733628318,1.636875578230089,1.518205304867257,40.66,14.02,25.98,67.7,37.66,0,-996,-996,16.06,0.16,0.5290666666666667
0.83649167,0.02199384637168151,2.404621413079647,2.382627566707965,57.2,17.75,35.4,52.05,27.53,0,-996,-996,19.77,0.13,0.5222
1.151840282,0.4804386272123896,3.48610999261062,3.00567136539823,67.86,22.81,46.42,41.03,19.67,0,-996,-996,16.98,0,0.5153333333333333
1.550463133,0.7738025790265486,4.078991376637169,3.30518879761062,76.78,25.06,51.24,39.27,14.08,0,-996,-996,20.19,0,0.5084666666666666
1.661984503,-0.3131513034690266,3.785498464938054,4.098649768407081,77.99,32.93,54.38,37.03,9.54,0,-996,-996,19.51,0,0.5016
1.977713299000001,0.004152547433628237,4.341913707265486,4.337761159831858,80.19,35.91,56.45,41.98,6.95,0,-996,-996,19.97,0,0.4947333333333333
1.2618853,0.8095075725663716,4.926408567530975,4.116900994964602,76.93,45.87,60.55,64.39,3.6,0,-996,-996,11.78,0,0.4878666666666667
2.165462437,1.154555171681416,6.019950036663717,4.865394864982303,80.11,41.39,63.93,53.62,4.25,0,-996,-996,19.46,0,0.481
2.795687643,-3.378421313362832,4.07784441424779,7.456265727610621,64.27,25.04,45.03,50.17,20.34,0,-996,-996,24.05,0,0.616
2.306451768100001,-2.887672961946903,4.607713424070797,7.495386386017699,65.17,28.46,48.21,59,18.18,0,-996,-996,23.44,0,0.491
2.761981280000001,-3.087185710619469,4.210679183893806,7.297864894513273,71.11,33.87,52.86,48.74,12.51,0,-996,-996,23.71,0,0.4954
3.084009099999999,-3.373089188495575,4.322874566469027,7.695963754964603,74.07,40.73,56.36,44.36,7.6,0,-996,-996,22.88,0,0.4998
3.497698786,-3.703860095575221,5.236725210530974,8.940585306106193,84.29,31.05,60.67,57.08,7.33,0,-996,-996,22.6,0,0.5042
3.816877999999999,-2.630227197345133,6.380450013185842,9.010677210530973,81.61,61.5,70.38,61.26,0,6.55,-996,-996,19.06,0,0.5086
2.665738445,-3.827151485840709,4.348623861238937,8.175775347079648,63.23,32.72,48.33,59.72,17.02,0,-996,-996,13.9,0,0.513
2.521191298299999,-5.343287909734514,3.955174014424779,9.298461924159293,59.97,26.8,42.19,59.72,21.61,0,-996,-996,23.94,0,0.5174
2.742783083000001,-3.808728334513274,4.670326235715928,8.479054570229206,72.01,32.65,51.49,60.86,12.67,0,-996,-996,20.21,0.2,0.5218
3.051840335999998,-3.384123945132745,5.322546915929205,8.706670861061948,69.73,36.31,53.58,68.36,11.98,0,-996,-996,24.97,0.01,0.5262
3.840689870000001,-3.955763476991151,5.530552622123894,9.486316099115044,83.16,46.4,63.63,58.23,0.22,0,-996,-996,23.32,0,0.5306000000000001
0.88040117,1.99935787539823,4.587352612964602,2.587994737566372,60.73,51.87,56.05,83.74,8.7,0,-996,-996,3.29,0.04,0.535
3.150629629999999,-3.6936211460177,5.267341387433627,8.960962533451328,82.49,51.1,63.47,71.41,0,1.79,-996,-996,20.99,0,0.5394
3.6350204,-6.155111150442478,4.053064438592921,10.2081755890354,67.75,42.45,56.43,32.54,9.9,0,-996,-996,25.82,0,0.5438000000000001
2.720446178,-6.133200363716818,4.14302718918584,10.27622755290265,64.38,33.04,48.87,39.4,16.29,0,-996,-996,23.59,0,0.5482
2.470508631999999,-5.652230654867256,4.338964154867256,9.991194809734514,63.01,29.45,46.45,38.44,18.77,0,-996,-996,26.37,0,0.5526000000000001
2.7056691603,-1.224847115044248,5.539143207345133,6.76399032238938,85.64,28.13,60.41,32.1,8.11,0,-996,-996,26.34,0,0.557
6.415488199999999,-0.01571740725663739,7.410826013097346,7.426543420353985,92.03,73.15,82.02,70.04,0,17.59,-996,22.27,27.85,0,0.392
5.428827499999999,-0.5024891150442484,7.144238469026549,7.646727584070797,91.02,73.65,81.34,75.54,0,17.34,-996,17.52,27.2,0,0.3741
5.4045039,-0.2858491194690262,7.072515812389383,7.358364931858406,88.84,65.88,76.81,71.64,0,12.36,-996,15.64,25.19,0.02,0.3562
4.928370889999999,-0.6036218442477878,6.130991890353982,6.73461373460177,89.64,68.88,78.78,63.69,0,14.26,-996,18.6,27.9,0,0.3383
4.149442640000001,2.046615769911505,6.532332403539823,4.485716633628318,85.78,66.6,76.78,71.27,0,11.19,-996,9.43,23.59,0.33,0.3204
4.685444410000001,3.65856867079646,7.706825804070799,4.048257133274337,88.95,61.79,76.97,69.17,0,10.37,-996,7.02,27.12,0,0.3025
4.525015230000001,0.8939327017699117,6.021363811858406,5.127431110088496,90.7,61.36,76.89,67.81,0,11.03,-996,11.33,27.55,0,0.2846
2.7112676471,0.942509548672566,5.626972912300888,4.684463363628318,82.22,54.09,70.03,72.33,0,3.15,-996,6.48,28.2,0,0.2667
2.991252379999999,1.066316256637168,5.606602642831858,4.54028638619469,90.25,67.03,77.81,60.11,0,13.64,-996,15.76,22.45,0,0.2488
2.86383891,0.992012662831859,5.380206182920354,4.388193520088497,90.86,69.58,79.94,62.31,0,15.22,-996,9.33,-996,0,0.2309
2.767958520000001,1.291492696460177,5.592682107079646,4.301189410619471,92.75,61.36,79.31,61.14,0,12.05,-996,14.63,26.91,0,0.213
1.9857606,0.0004783539823009775,4.616456234575223,4.61597788059292,79.95,67.77,74.79,54.42,0,8.86,-996,15.96,26.36,0,0.209375
2.685130529999999,2.904708886725665,4.878599674460179,1.973890787734513,68.18,51.49,58.86,60.35,5.16,0,-996,17.77,14.24,0.05,0.20575
1.242587019999999,0.7587846557522124,3.528494264548672,2.76970960879646,69.03,44.85,56.56,52.6,8.06,0,40.79,11.78,27.84,0,0.202125
0.6360241800000003,5.589111846902656,6.111413514159294,0.5223016672566373,56.35,49.68,53.82,92.58,11.99,0,47.61,6.14,1.38,3.2,0.1985
1.14725851,5.304271619469026,5.975453070876106,0.6711814514070797,64.92,54.66,59.81,92.1,5.21,0,-996,8.02,5.49,1.54,0.194875
2.33932369,6.518079629203541,7.832328929203541,1.3142493,57.43,51.35,53.86,90.34,10.61,0,-996,11.26,6.34,0.46,0.19125
3.544583619999999,2.791138953982301,4.564007960176993,1.772869006194691,77.63,49.95,62.22,65.4,1.21,0,46.59,12.39,29.87,0,0.187625
3.28960046,2.193079061946903,4.854131607345135,2.66105254539823,84.65,48.04,68.9,60.59,0,1.34,46.73,8.14,29.82,0,0.184
4.398060200000002,1.484934698230089,5.587289753097345,4.102355054867257,94.62,76.82,85.28,53.51,0,20.72,-996,19.54,29.66,0,0.202
3.6658848,0.02061270796460207,5.076309420000001,5.055696712035398,91.85,75.16,82.83,59.35,0,18.51,-996,20.41,28.41,0,0.202
3.377564,-0.3285422123893799,4.894943247079646,5.223485459469027,92.73,75.24,83.15,64.58,0,18.98,-996,19.44,27.36,0,0.202
3.05765085787,0.7958532776828194,2.034987747343613,1.239134469660793,69.44,42.3,55.5,69.48,9.13,0,37.95,6.68,18.39,0,0.151
0.7471080683,-1.807771606810573,1.456699817259912,3.264471424070486,53.71,24.68,36.49,50.56,25.81,0,16.45,9.46,12.6,0,0.391
0.4182737567699999,-1.362403274511013,1.024887789147489,2.387291063658502,34.63,12.99,24.99,59.25,41.19,0,3.58,10.03,12.28,0,0.471
0.3129719809300001,-0.3726461112422908,1.075573592405286,1.448219703647577,51.28,13.14,30.1,57.08,32.79,0,3.61,6.85,10.08,0,0.4455
0.4782704478100001,-1.037542847550661,1.244873924246696,2.282416771797356,56.89,24.47,38.05,56.08,24.32,0,15.69,9.03,12.34,0,0.42
0.5766851875700002,-0.6538362531541853,1.486972092132159,2.140808345286343,69.4,26.53,46.21,36.27,17.03,0,21.44,8.95,12.61,0,0.3945
0.69496549106,-0.6610440087753303,1.712924674414097,2.373968683189428,69.46,31.17,48.57,31.07,14.69,0,25.67,9.78,12.52,0,0.369
0.4786361632099999,-1.59404516476652,1.170933314772687,2.764978479539207,54.63,29.88,38.53,77.2,22.75,0,22.73,6.4,12.56,0.01,0.481
0.6456256020899999,-1.283385613321586,1.576015157577093,2.859400770898679,63.43,29.65,43.88,77.51,18.46,0,23.08,14.23,9.93,0,0.4715833333333333
0.6168150256999998,-1.00688232338326,2.020809937321586,3.027692260704846,60.55,40.7,48.02,81.82,14.37,0,31.23,19.64,8.67,0.02,0.4621666666666667
0.78950938538,-0.05555019393832575,1.515138815418502,1.570689009356828,48.45,17.77,30.95,71.85,31.89,0,3.27,21.65,7.16,0,0.45275
0.4109847863399999,-1.290976639295154,0.8239353805903084,2.114912019885463,32.43,11.97,21.37,50.64,42.8,0,-3.46,11.13,13.72,0,0.4433333333333333
0.36656773851,-1.520548912942731,0.6712368137444936,2.191785726687224,35.06,16.16,25.01,47.33,39.39,0,3.31,7.23,12.79,0,0.4339166666666667
0.48527421527,-1.520227511365639,1.033197196028194,2.553424707393833,52.18,19.87,34.56,48.71,28.97,0,10.84,8.88,11.65,0,0.4245
0.3578633966299999,-1.431508120493392,0.7312693982907488,2.162777518784141,38.76,14.61,26.55,58.7,38.31,0,-2.2,15.32,8.82,0,0.4150833333333334
0.1880719454599999,-1.228602782696035,0.5731418139383261,1.801744596634361,20.64,1.65,9.79,56.17,53.85,0,-12.54,10.35,13.9,0,0.4056666666666667
0.2179843729,-0.5748245666960354,0.8492501416678415,1.424074708363877,35.92,-0.29,17.77,52.35,47.19,0,-11.08,8.1,13.97,0,0.39625
0.2796703,-0.5453024669603524,1.193874118120705,1.739176585081058,50.49,16.75,32.83,38.69,31.38,0,5.96,12.7,13.91,0,0.3868333333333334
0.30649146506,-0.6492108370044054,1.712914868061674,2.36212570506608,60.17,25.77,42.18,52.82,22.03,0,15.58,15.84,13.46,0,0.3774166666666667
0.41342137742,-0.6544062555066075,2.27607613152423,2.930482387030837,66.67,49.1,54.51,69.11,7.12,0,41.73,18.22,12.79,0,0.368
0.7109276841999996,-0.4790608810572685,2.484276791392072,2.963337672449339,70.02,40.55,56.17,62.11,9.72,0,31.26,18.48,10.88,0,0.39025
0.4813985,-0.5296801249427314,1.691085061665198,2.22076518660793,49.71,24.64,39.73,51.11,27.83,0,16.43,17.92,7.75,0,0.4125
0.5746697911599998,-2.172365577039648,1.204399691809692,3.376765268849339,54.05,19.52,34.34,50.7,28.21,0,9.99,6.8,14.69,0,0.43475
0.6431696484899998,-1.844863366361234,1.497962134070485,3.342825500431718,60.91,19.6,38.9,49.64,24.75,0,11.81,7.75,14.33,0,0.457
0.7943959988100001,-2.917660440528635,1.737971765365639,4.655632205894275,59.63,25.73,41.12,59.31,22.32,0,12.59,15.1,-996,0,0.418
2.356918063129999,-3.445663181312775,2.594501101823789,6.040164283136565,63.28,22.96,42.66,69.96,21.88,0,19.04,7.95,19.93,0,0.508
2.49548259265,-2.870266902105726,2.827353091638766,5.697619993744495,66.2,25.65,46.69,60.37,19.08,0,21.48,9.49,20.68,0,0.4935
0.49947506514,2.813374883101321,4.5729495016652,1.759574618563877,55.74,41.03,49.68,93.86,16.61,0,34.23,11.31,2.6,0.03,0.479
2.356356842779999,1.410072235057269,7.60274558214978,6.192673347092512,75.56,45.33,60.78,73.08,4.55,0,37.67,14.15,9.95,0.01,0.4645
3.01000402359,-3.600252274361234,3.340730599453746,6.940982873814979,58.89,33.31,45.43,57.29,18.9,0,23.85,14.2,20.84,0,0.45
2.550086505049999,-3.900115031788547,3.605505188828194,7.505620220616741,67.05,28.17,48.17,56.78,17.39,0,21.74,11.44,21.17,0,0.4618
2.16350023204,-3.33264449339207,4.221487059938326,7.554131553330398,70.41,42.72,56.38,70.02,8.43,0,37.5,16.06,17.57,0,0.4736
0.5121251205300001,1.538119385365639,4.541546443955949,3.003427058590308,62.91,56.03,59.19,87.24,5.53,0,-996,17.78,3.09,0,0.4854
2.99983328399,-5.236897619497796,3.733072325762114,8.969969945259912,63.73,31.22,52.96,44.21,17.52,0,24.85,17.5,-996,0,0.4972
2.571568490989999,-4.81364375923348,2.913758919356829,7.727402678590309,61.32,28.5,43.9,36.52,20.09,0,20.49,16.85,21.77,0,0.509
1.78831449386,-6.813911336511015,2.223812039788546,9.03772337629956,52.68,25.63,37.57,50.61,25.84,0,16.4,8.6,21.84,0,0.5267000000000001
2.28127889194,-5.545308766995595,2.841520478352423,8.386829245348018,69.06,26.15,47.35,48.07,17.39,0,22.69,9.47,20.48,0,0.5444
2.59826790081,-6.202983178863438,3.29698762184141,9.499970800704846,72.91,44.07,56.58,46.27,6.51,0,38.96,10.79,20.15,0,0.5621
1.224902549540001,-5.386897621030836,2.542614846898678,7.929512467929516,69.01,36.7,53.43,78.09,12.14,0,33.03,4.42,14.22,0,0.5798
2.38941121285,-7.036974400202643,2.647080035920705,9.684054436123347,54.91,33.37,46.3,53.52,20.86,0,26.9,18.18,22.07,0,0.5975
1.76047136238,-7.488190587330397,0.9815622781321589,8.469752865462556,54.14,23.39,38,60.92,26.23,0,14.64,8.22,23.01,0,0.6152
1.72446856903,-5.915668374555068,1.316795877674009,7.232464252229076,57.27,23.6,40.1,53.2,24.56,0,17.58,6.48,21.52,0,0.6329
2.34163811631,-6.448963731462555,1.633972259022026,8.082935990484582,68.05,26.78,48.19,42.9,17.58,0,21.64,10.36,22.29,0,0.6506000000000001
3.27092925,-5.919722381259913,3.017852159709252,8.937574540969164,76.51,46.6,61.27,43.43,3.44,0,40.22,21.15,21.57,0,0.6683
3.174806724840001,-4.921531560079296,2.981441627762114,7.90297318784141,78.94,48.04,63.52,41.52,1.51,0,43.97,16.54,23.6,0,0.686
4.554085568129999,-6.262632904361235,2.731580357312776,8.994213261674009,79.93,45.87,63.85,63.3,2.1,0,42.71,6.25,30.2,0,0.581
0.6768175662299999,0.9020335392951544,2.061951200881058,1.159917661585903,94.15,65.03,80.93,68.18,0,14.59,-996,9.66,30.04,0,0.155
1.136628104,0.9674739732743365,2.47768778779646,1.510213814522124,74.7,41.59,57.63,77.47,6.86,0,41.84,4.26,14.43,0,0.106
1.794452055,1.651509513716814,2.642902751628319,0.9913932379115045,77.52,47.73,60.27,83.58,2.37,0,45.36,8.77,13.89,0.01,0.107
2.049615014,1.520730796460177,2.57052498921239,1.049794192752213,76.62,52.21,61.22,73.99,0.58,0,-996,11.84,13.64,0,0.108
1.767280506000001,1.834052654867257,2.753008553548672,0.918955898681416,75.76,52.65,63.28,78.86,0.8,0,-996,18.08,13.46,0,0.109
1.0159483,1.896170180973452,2.650051904097345,0.7538817231238937,70.32,59.65,64.61,83.88,0.01,0,-996,16.49,6.69,0,0.11
1.52328808,0.7668323092035398,2.119035953628319,1.352203644424778,64.65,34.59,49.51,74.07,15.38,0,30.71,9.39,13.59,0,0.111
0.7727575600000001,0.4082886047787613,1.608928051221238,1.200639446442478,60.39,27.08,42.17,74.86,21.27,0,23.32,3.92,14.28,0,0.112
1.248038952,0.7328383008849558,1.878126364353982,1.145288063469027,71.65,34.52,52.47,62.34,11.91,0,30.15,13.04,13.01,0,0.113
0.6596962549999997,0.1699611268141593,1.257254227513274,1.087293100699115,53.91,28.41,43.01,69.05,23.84,0,20.37,6.6,10.81,0,0.114
1.6007805,1.078580165575221,2.336043716442478,1.257463550867257,79.97,49.57,61.65,56.58,0.23,0,43.55,17.56,12.62,0.01,0.115
0.7561193999999998,-0.03326995433628324,1.435159074504425,1.468429028840708,60.55,33.67,46.45,38.53,17.89,0,26.88,7.29,14.14,0,0.116
0.833598534,0.1087585614159291,1.491905272460177,1.383146711044248,70.52,33.84,50.06,45.97,12.82,0,26.62,7.38,13.59,0,0.1126
0.7914710370000001,0.5335434207079648,1.675111281769911,1.141567861061947,71.8,32.24,50.67,52.24,12.98,0,24.82,7.68,13.45,0,0.1092
1.4918937,1.190883982300885,2.213384753628318,1.022500771327434,72.34,45.19,58.26,42.44,6.23,0,38.94,20.06,12.93,0,0.1058
0.6129518000000002,1.137612743362832,2.324205303371682,1.18659256000885,73.76,56.53,64.08,64.12,0,0.15,-996,23.84,12.4,0,0.1024
0.3831228340000001,0.7542576876106197,1.997258988584071,1.243001300973452,71.8,56.97,62.42,73.15,0.62,0,-996,11.14,11.64,0,0.099
0.336942304,0.8529742943362831,1.600545093371682,0.7475707990353984,57.11,46.16,51.44,90.11,13.37,0,40.93,8.46,1.97,0.01,0.1018
0.9427103199999995,0.7603371318584073,1.326991584663717,0.5666544528053098,47.89,28.07,41.72,92.9,27.02,0,22.93,9.93,3.09,0,0.1046
0.7318600399999998,1.064337610619469,1.480399598070796,0.4160619874513274,52,29.78,44.43,88.42,24.11,0,26.46,11.37,4.57,0.01,0.1074
0.9322294910000001,1.969609476106194,2.117669839884956,0.1480603637787611,61.34,40.7,52.93,93.38,13.98,0,31.41,17.66,2.44,0.35,0.1102
2.458512103999999,0.8067068100000001,1.442980042526549,0.6362732325265487,57.02,34.69,43.43,64.1,19.14,0,25.77,9.96,12.89,0,0.113
2.317458,1.126292931238938,1.553143823123894,0.4268508918849557,67.08,33.87,47.24,65.52,14.53,0,27.78,12.29,11.92,0,0.1128
1.47805217,0.5028354868141592,1.390759323292035,0.8879238364778759,54.14,31.48,41.84,76.29,22.19,0,25.53,12.04,12.06,0,0.1126
0.7747628700000001,0.6075814628230087,1.594139998778761,0.9865585359557525,44.85,27.15,37.01,83,29,0,20.16,5.33,3.83,0.09,0.1124
1.84959151,1.372399966991151,2.109097062477877,0.7366970954867257,49.5,30.19,40.43,80.36,25.16,0,20.77,10.25,5.58,0.04,0.1122
1.4435093,0.2975655305309735,1.805247917522124,1.507682386991151,48.43,18.2,32.72,57.64,31.69,0,8.38,8.96,12.86,0,0.112
1.3886717,0.6656395683185843,2.121308135044248,1.455668566725664,56.12,28.68,39.76,56.09,22.6,0,18.09,11.66,12.31,0,0.1118
0.6900879800000002,0.1289553188495576,1.928828494513274,1.799873175663717,41.06,33.1,36.29,84.69,27.92,0,23.15,9.45,0.94,0.13,0.1116
1.2569846859,0.03015297804424778,2.059274038221239,2.02912106017699,39.1,23.67,32.84,94.9,33.61,0,14.95,12.18,1.95,0.09,0.1114
1.401485609,-0.8392995238141596,2.06921575600885,2.908515279823009,55.18,20.78,35.19,72.02,27.02,0,12.72,6.63,12.06,0.01,0.1112
1.275635799,0.7437170488938055,2.068479699690265,1.32476265079646,54.36,26.64,38.14,74.9,24.5,0,19.91,7.5,9.66,0,0.111
1.40205479,0.2957681437088497,2.050722793266373,1.754954649557522,57.04,25.99,38.76,75.39,23.49,0,17.85,8.83,11.85,0,0.1152
1.126509355,-0.3218898305309735,2.241435213716814,2.563325044247788,65.86,28.29,42.95,67.15,17.92,0,19.79,7.12,-996,0.01,0.1194
0.8046368059999996,-1.034421135132743,2.257889286106194,3.292310421238939,65.52,29.1,44.84,55.23,17.69,0,19.77,7.89,12.22,0,0.1236
0.7602446299999999,-1.497908962831858,2.555299786460177,4.053208749292035,72.21,32.66,49.75,46.91,12.56,0,26.93,7.23,12.25,0,0.1278
0.8964256920000001,-0.1961062160176994,2.555963393893805,2.752069609911505,72.16,32.67,51.01,53.06,12.58,0,27.88,7.58,11.98,0,0.132
1.089874013,-0.242757035840708,2.20295533221239,2.445712368053098,49.57,28.5,42.04,74.99,25.97,0,23.18,9.73,9.27,0.03,0.1295
0.581173878,-0.9884536004867255,1.771685841106195,2.760139441592921,43.62,27.08,34.89,80.02,29.65,0,18.81,7.98,8.66,0,0.127
0.3422448779999999,-0.7148848279380532,1.52674977241593,2.241634600353982,34.83,16.52,29.57,94.93,39.33,0,7.42,12.33,3.98,0.15,0.1245
0.1350244281,-0.4220500008584067,1.208304090557522,1.630354091415929,35.96,12.49,24.22,90.53,40.78,0,3.93,4.79,11.15,0.16,0.122
0.1077121935,0.4722613180884957,1.909548198079646,1.437286879991151,32.05,24.7,29.33,96.93,36.62,0,16.41,8.06,2.86,0.01,0.1195
0.02729958370000003,0.1190994873451329,1.426299002044249,1.307199514699115,32.27,21.24,27.76,90.34,38.24,0,13.18,5.96,11.01,0.13,0.117
0.3896533701999998,-0.01554280805309731,1.562981216256637,1.578524024309735,44.55,18.2,32.71,75.75,33.62,0,10.78,7.51,12.01,0.32,0.1145
1.271252806,1.361879658318584,2.282287296106194,0.9204076377876106,54.12,33.86,42.94,75.57,21.01,0,26.07,13.65,9.07,0.3,0.112
1.352466036,0.2053741069911505,1.815918037964602,1.610543930973451,48.36,28.32,36.64,81.43,26.66,0,21.95,7.61,11.29,0,0.1095
1.261631406,0.2376538685840708,1.954254313274336,1.716600444690266,58.35,26.26,40.59,71.48,22.69,0,20.48,8.01,11.57,0,0.107
1.275182542,0.6827944945221238,2.250956697530974,1.56816220300885,63.03,30.73,45.58,61.12,18.12,0,24.24,6.17,11.4,0,0.1108
2.27834022,1.658945308938053,2.455982960726549,0.7970376517884957,67.59,32.13,50.14,67.11,15.14,0,26.25,14,10.5,0,0.1146
2.935877427,1.27545327,2.382466078752213,1.107012808752212,56.79,21.14,43.01,59.41,26.04,0,12.57,20.3,11.44,0,0.1184
1.382826444,-0.8303323435486728,1.348746167070797,2.179078510619469,50.05,15.04,30.28,60.67,32.45,0,3.67,10,11.63,0,0.1222
1.150040613,0.09900266240707971,1.527784952176991,1.428782289769912,61.59,21.21,40,59.25,23.6,0,12.63,7.63,11.48,0,0.126
1.78484343,0.03811933306194675,1.710605103769911,1.672485770707965,65.97,29.45,48.29,39.51,17.29,0,21.88,12.38,11.9,0,0.1252
1.39857561,0.4573284113628319,1.844828491539822,1.387500080176991,66,34.66,49.23,44.25,14.67,0,31.55,14.63,11.32,0,0.1244
0.5035868499999999,-0.2843875741061948,0.8252701625309736,1.109657736637168,44.47,31.3,37.94,71.57,27.11,0,23.34,8.54,5.31,0,0.1236
-0.3684834870000001,0.8657584849831857,1.672587623142478,0.806829138159292,54.05,35.83,46.32,95.71,20.06,0,29.23,15.33,1.32,0.6,0.1228
1.88741062,-0.1297332528849558,0.8127509430265488,0.9424841959115045,40.95,30.21,36.22,78.25,29.42,0,22.54,13.49,5.41,0.58,0.122
1.165593482,0.1724615483097345,0.9750062655398231,0.8025447172300884,34.41,23.01,29.6,83.78,36.29,0,14.44,-996,3.96,0.35,0.1212
1.11232655,-0.06701301163274337,0.9627142967920358,1.029727308424779,34.8,26.3,30.98,91.28,34.45,0,18.62,-996,6.2,0.22,0.1204
0.0270541212,0.4029720046725666,0.9818172869734518,0.578845282300885,40.39,27.82,33.63,85.36,30.9,0,21.66,5.35,10.9,0.4,0.1196
0.2796886834221001,0.07947753570796463,0.9285469395132747,0.8490694038053098,45.72,23.46,32.1,91.45,30.41,0,14.95,5,8.97,0.1,0.1188
1.2091580497,0.4496373055752213,1.323090803628319,0.8734534980530975,57.87,26.3,40,77.75,22.92,0,20.28,6.55,11.53,0.02,0.118
2.612398148,0.4489373867256639,2.227599259646018,1.778661872920354,72.72,25.89,50.42,53.19,15.7,0,21.39,8.77,18.62,0,0.178
3.273166700000001,0.2193709619469027,2.274326790053097,2.054955828106194,57.56,33.75,47.39,50,19.35,0,27.82,16.7,18.89,0,0.1840666666666667
1.517361356,-0.3781670893805306,1.72699812079646,2.105165210176991,52.68,27.67,40.26,62.75,24.82,0,18.22,10.29,14.17,0,0.1901333333333333
1.5860491,-0.04962705132743345,2.105597033362832,2.155224084690265,60.42,33.11,44.51,74.54,18.24,0,27.58,6.43,13.88,0,0.1962
0.8736537799999999,0.7842396106194689,2.439337866371682,1.655098255752213,60.98,37.7,49.02,99.06,15.66,0,30.97,14.54,5.73,0.01,0.2022666666666667
2.95515096,-0.2296447008849556,2.268628811362833,2.498273512247787,61.79,37.18,49.25,56.93,15.51,0,27.99,15.82,14.48,0,0.2083333333333333
1.658874119,-1.454945165044248,1.771508275890531,3.226453440934779,55.49,25.39,40.47,62.49,24.56,0,16.8,7.58,16.72,0,0.2144
2.458471734999999,-1.430242095663717,1.96846010020354,3.398702195867257,64.65,26.43,44.74,48.2,19.46,0,20.15,9.12,19.92,0,0.2204666666666667
2.492827359999999,-1.198372179026549,2.17961137521239,3.377983554238938,70.83,32.52,51.22,45.4,13.33,0,25.54,11.2,20.59,0,0.2265333333333333
2.08889792,-0.5025065097345129,2.47342711061947,2.975933620353982,77.45,38.73,55.83,59,6.91,0,31.99,13.24,15.94,0.01,0.2326
1.52031333,-0.4684811909734513,1.886720667690265,2.355201858663718,56.88,34.84,48.59,84.02,19.14,0,35.14,14.13,6.66,0.03,0.2386666666666667
1.84642769,-0.01470003530973474,1.939679084867257,1.954379120176991,64.54,28.42,45.74,71.67,18.52,0,23.62,6.44,20.14,0,0.2447333333333334
2.1532226,-1.038263839646018,1.350605072389381,2.388868912035399,66.7,31.63,48.9,53.3,15.84,0,24.55,13.68,20.91,0,0.2508
2.145732800000001,-0.9849671609734522,1.741821006106195,2.726788167079646,71.28,37.88,55.01,49.64,10.42,0,30.88,16.2,18.12,0,0.2568666666666667
1.8971094,-1.148049557522124,2.335102359292036,3.483151916814159,74.66,52.95,61.66,67.49,1.19,0,-996,23.56,15.97,0,0.2629333333333334
3.067124199999999,-1.407347856637169,2.870780543362832,4.2781284,82.27,60.01,68.58,63.05,0,6.14,-996,23.61,20,0,0.269
1.18458487,-0.6845332460176992,1.903624892920354,2.588158138938053,60.82,46.53,51.81,80.11,11.33,0,39.93,11.11,7.01,0,0.2858
0.8226735,-0.3496311000000001,2.933823249557522,3.283454349557522,69.76,48.63,54.08,93.46,5.8,0,44.58,7.46,4.37,0.08,0.3026
1.294881081,1.954953797256637,4.078795468938054,2.123841671681416,70.84,49.84,59.34,91.2,4.66,0,46.86,11.68,5.34,0.05,0.3194
4.801950220000001,-2.488801842477876,3.067532537256638,5.556334379734513,68.07,49.5,58.56,55.87,6.22,0,45.1,15.6,19.78,0.32,0.3362
3.122312200000001,-2.592443755752213,2.52083416460177,5.113277920353983,66.94,38.57,52.45,57.14,12.25,0,33.04,11.79,21.94,0,0.353
4.55310636,-7.423099271681419,5.400385980530975,12.82348525221239,76.24,34.23,56.72,51.54,9.76,0,29.99,9.47,27.34,0,0.586
2.756160844,-1.887813119469027,5.087008024247787,6.974821143716814,73.56,51.13,61.17,77.51,2.65,0,-996,8.78,28.85,0,0.23
2.51480258431,1.397743574059031,2.23180417588282,0.8340606018237887,69.44,42.3,55.5,69.48,9.13,0,37.95,6.68,18.39,0,0.172
0.826995134383,-1.002263336563877,1.457372320889868,2.459635657453745,53.71,24.68,36.49,50.56,25.81,0,16.45,9.46,12.6,0,0.383
0.6363306583090004,-1.230305407929516,0.8242384250220265,2.054543832951542,34.63,12.99,24.99,59.25,41.19,0,3.58,10.03,12.28,0,0.466
0.391798734569,-1.173516734458149,0.88049781523348,2.054014549691629,51.28,13.14,30.1,57.08,32.79,0,3.61,6.85,10.08,0,0.44525
0.5954571710040001,-1.060403533215859,0.9345681375066079,1.994971670722467,56.89,24.47,38.05,56.08,24.32,0,15.69,9.03,12.34,0,0.4245
0.8034900852810001,-0.4150115452863439,1.554775594017622,1.969787139303965,69.4,26.53,46.21,36.27,17.03,0,21.44,8.95,12.61,0,0.40375
0.9353375717769998,0.06160683964757679,1.992799314713657,1.931192475066079,69.46,31.17,48.57,31.07,14.69,0,25.67,9.78,12.52,0,0.383
0.803877648997,-1.622594573920705,1.364441870140969,2.987036444061674,54.63,29.88,38.53,77.2,22.75,0,22.73,6.4,12.56,0.01,0.513
0.7969200709730002,-1.216082949779736,1.600052692123348,2.816135641903083,63.43,29.65,43.88,77.51,18.46,0,23.08,14.23,9.93,0,0.5030833333333333
0.5713127266550001,-1.365845867048459,1.711476819515419,3.077322686563877,60.55,40.7,48.02,81.82,14.37,0,31.23,19.64,8.67,0.02,0.4931666666666667
0.8620405076209999,0.7297318141850224,1.528095518088106,0.7983637039030838,48.45,17.77,30.95,71.85,31.89,0,3.27,21.65,7.16,0,0.48325
0.510072466672,-0.7055482234361234,0.829369961524229,1.534918184960353,32.43,11.97,21.37,50.64,42.8,0,-3.46,11.13,13.72,0,0.4733333333333333
0.4805301325879999,-1.031401841233481,0.7902789551444934,1.821680796377974,35.06,16.16,25.01,47.33,39.39,0,3.31,7.23,12.79,0,0.4634166666666667
0.6207336502970002,-1.48164009906608,0.9523510808986784,2.433991179964758,52.18,19.87,34.56,48.71,28.97,0,10.84,8.88,11.65,0,0.4535
0.4308925647289999,-0.08735100422907495,0.9059698048281942,0.9933208090572688,38.76,14.61,26.55,58.7,38.31,0,-2.2,15.32,8.82,0,0.4435833333333333
0.299722471951,-0.522960002643172,0.6254681424581501,1.148428145101322,20.64,1.65,9.79,56.17,53.85,0,-12.54,10.35,13.9,0,0.4336666666666667
0.347806617768,-0.3063939613215859,0.813391257092511,1.119785218414097,35.92,-0.29,17.77,52.35,47.19,0,-11.08,8.1,13.97,0,0.42375
0.3494998936480001,-0.274669653568282,1.294023230540088,1.56869288410837,50.49,16.75,32.83,38.69,31.38,0,5.96,12.7,13.91,0,0.4138333333333334
0.3264794323429999,-0.4000472246696036,1.943890316008811,2.343937540678414,60.17,25.77,42.18,52.82,22.03,0,15.58,15.84,13.46,0,0.4039166666666667
0.4072162041910001,-0.5601959999999998,2.709961679735683,3.270157679735683,66.67,49.1,54.51,69.11,7.12,0,41.73,18.22,12.79,0,0.394
0.755673660394,0.06354213303964798,3.269150244792952,3.205608111753305,70.02,40.55,56.17,62.11,9.72,0,31.26,18.48,10.88,0,0.41725
0.6729972035020001,-0.5975237830837004,1.722460908370044,2.319984691453745,49.71,24.64,39.73,51.11,27.83,0,16.43,17.92,7.75,0,0.4405
0.6400337047810001,-1.343388887048458,1.719233189682819,3.062622076731278,54.05,19.52,34.34,50.7,28.21,0,9.99,6.8,14.69,0,0.46375
0.7599525862729999,-1.781207020704846,1.488153725127753,3.2693607458326,60.91,19.6,38.9,49.64,24.75,0,11.81,7.75,14.33,0,0.487
0.8209166292939998,-2.04624804845815,2.188289210035242,4.234537258493392,59.63,25.73,41.12,59.31,22.32,0,12.59,15.1,-996,0,0.44
2.535691112443,-2.539608323154185,1.868767292061674,4.408375615215859,63.28,22.96,42.66,69.96,21.88,0,19.04,7.95,19.93,0,0.527
2.786824373404001,-2.797082093973568,1.776237646202643,4.573319740176212,66.2,25.65,46.69,60.37,19.08,0,21.48,9.49,20.68,0,0.5135000000000001
0.6887562565489999,0.5357350388458151,2.166784203885463,1.631049165039648,55.74,41.03,49.68,93.86,16.61,0,34.23,11.31,2.6,0.03,0.5
2.17404267158,-1.764763954096917,2.520414390687225,4.285178344784143,75.56,45.33,60.78,73.08,4.55,0,37.67,14.15,9.95,0.01,0.4865
2.046653990408999,-2.510913723700441,1.939811241409692,4.450724965110133,58.89,33.31,45.43,57.29,18.9,0,23.85,14.2,20.84,0,0.473